Ticker,Sector,Industry
AMARAJABAT,XC - CODI,XC - ANC
AMTEKAUTO,XC - CODI,XC - ANC
AMTEKINDIA,XC - CODI,XC - ANC
APOLLOTYRE,XC - CODI,XC - ANC
ASAHIINDIA,XC - CODI,XC - ANC
ASAL,XC - CODI,XC - ANC
ASLIND,XC - CODI,XC - ANC
AUTOAXLES,XC - CODI,XC - ANC
AUTOIND,XC - CODI,XC - ANC
AUTOLITIND,XC - CODI,XC - ANC
BALKRISIND,XC - CODI,XC - ANC
BHARATFORG,XC - CODI,XC - ANC
BHARATGEAR,XC - CODI,XC - ANC
BIRLATYRE,XC - CODI,XC - ANC
BOSCHLTD,XC - CODI,XC - ANC
CASTEXTECH,XC - CODI,XC - ANC
CEATLTD,XC - CODI,XC - ANC
CRAFTSMAN,XC - CODI,XC - ANC
DELTAMAGNT,XC - CODI,XC - ANC
DYNAMATECH,XC - CODI,XC - ANC
ELGIRUBCO,XC - CODI,XC - ANC
ENDURANCE,XC - CODI,XC - ANC
EXIDEIND,XC - CODI,XC - ANC
FAGBEARING,XC - CODI,XC - ANC
FIEMIND,XC - CODI,XC - ANC
FMGOETZE,XC - CODI,XC - ANC
GABRIEL,XC - CODI,XC - ANC
GANGAFORGE,XC - CODI,XC - ANC
GNA,XC - CODI,XC - ANC
GOODYEAR,XC - CODI,XC - ANC
HINDCOMPOS,XC - CODI,XC - ANC
HITECHGEAR,XC - CODI,XC - ANC
IGARASHI,XC - CODI,XC - ANC
INDNIPPON,XC - CODI,XC - ANC
INNOVATIVE,XC - CODI,XC - ANC
JAMNAAUTO,XC - CODI,XC - ANC
JAYBARMARU,XC - CODI,XC - ANC
JKTYRE,XC - CODI,XC - ANC
JMA,XC - CODI,XC - ANC
JMTAUTOLTD,XC - CODI,XC - ANC
JTEKTINDIA,XC - CODI,XC - ANC
KALYANI,XC - CODI,XC - ANC
KESORAMIND,XC - CODI,XC - ANC
LAKPRE,XC - CODI,XC - ANC
LGBBROSLTD,XC - CODI,XC - ANC
LUMAXIND,XC - CODI,XC - ANC
LUMAXTECH,XC - CODI,XC - ANC
MENONBE,XC - CODI,XC - ANC
MINDACORP,XC - CODI,XC - ANC
UNOMINDA,XC - CODI,XC - ANC
MODIRUBBER,XC - CODI,XC - ANC
MOTHERSON,XC - CODI,XC - ANC
MOTHERSUMI,XC - CODI,XC - ANC
MRF,XC - CODI,XC - ANC
MSUMI,XC - CODI,XC - ANC
MUNJALAU,XC - CODI,XC - ANC
MUNJALSHOW,XC - CODI,XC - ANC
NDRAUTO,XC - CODI,XC - ANC
NIBL,XC - CODI,XC - ANC
NIPPOBATRY,XC - CODI,XC - ANC
OMAXAUTO,XC - CODI,XC - ANC
PAEL,XC - CODI,XC - ANC
PAVNAIND,XC - CODI,XC - ANC
PPAP,XC - CODI,XC - ANC
PRECAM,XC - CODI,XC - ANC
PRECISION,XC - CODI,XC - ANC
PRICOLLTD,XC - CODI,XC - ANC
PRITIKAUTO,XC - CODI,XC - ANC
PTL,XC - CODI,XC - ANC
RAJRATAN,XC - CODI,XC - ANC
RANEENGINE,XC - CODI,XC - ANC
RANEHOLDIN,XC - CODI,XC - ANC
RBL,XC - CODI,XC - ANC
REMSONSIND,XC - CODI,XC - ANC
RICOAUTO,XC - CODI,XC - ANC
RML,XC - CODI,XC - ANC
ROLEXRINGS,XC - CODI,XC - ANC
SANDHAR,XC - CODI,XC - ANC
SANSERA,XC - CODI,XC - ANC
SCHAEFFLER,XC - CODI,XC - ANC
SETCO,XC - CODI,XC - ANC
SHANTIGEAR,XC - CODI,XC - ANC
SHARDAMOTR,XC - CODI,XC - ANC
SHIGAN,XC - CODI,XC - ANC
SHIVAMAUTO,XC - CODI,XC - ANC
SHRIPISTON,XC - CODI,XC - ANC
SJS,XC - CODI,XC - ANC
SKFINDIA,XC - CODI,XC - ANC
SONACOMS,XC - CODI,XC - ANC
SONASTEER,XC - CODI,XC - ANC
SSWL,XC - CODI,XC - ANC
STERTOOLS,XC - CODI,XC - ANC
SUBROS,XC - CODI,XC - ANC
SUNCLAYLTD,XC - CODI,XC - ANC
SUNDRMBRAK,XC - CODI,XC - ANC
SUNDRMFAST,XC - CODI,XC - ANC
SUPRAJIT,XC - CODI,XC - ANC
TALBROAUTO,XC - CODI,XC - ANC
TIINDIA,XC - CODI,XC - ANC
TIMKEN,XC - CODI,XC - ANC
TIRUPATIFL,XC - CODI,XC - ANC
TUBEINVEST,XC - CODI,XC - ANC
TVSSRICHAK,XC - CODI,XC - ANC
UCALFUEL,XC - CODI,XC - ANC
VARROC,XC - CODI,XC - ANC
WABCOINDIA,XC - CODI,XC - ANC
WHEELS,XC - CODI,XC - ANC
ZFCVINDIA,XC - CODI,XC - ANC
ASHOKLEY,XC - CODI,XC - ATO
ATULAUTO,XC - CODI,XC - ATO
BAJAJ-AUTO,XC - CODI,XC - ATO
BANCOINDIA,XC - CODI,XC - ATO
EICHERMOT,XC - CODI,XC - ATO
ESCORTS,XC - CODI,XC - ATO
FORCEMOT,XC - CODI,XC - ATO
HEROMOTOCO,XC - CODI,XC - ATO
HINDMOTORS,XC - CODI,XC - ATO
JBMA,XC - CODI,XC - ATO
M&M,XC - CODI,XC - ATO
MAHSCOOTER,XC - CODI,XC - ATO
MARUTI,XC - CODI,XC - ATO
SMLISUZU,XC - CODI,XC - ATO
TATAMOTORS,XC - CODI,XC - ATO
TVSMOTOR,XC - CODI,XC - ATO
VSTTILLERS,XC - CODI,XC - ATO
3MINDIA,XC - INDS,XC - CAG
A2ZINFRA,XC - INDS,XC - CAG
AAKASH,XC - INDS,XC - CAG
AARON,XC - INDS,XC - CAG
ABB,XC - INDS,XC - CAG
ABINFRA,XC - INDS,XC - CAG
ABMINTLLTD,XC - INDS,XC - CAG
ACRYSIL,XC - INDS,XC - CAG
ADANIENT,XC - INDS,XC - CAG
ADORWELD,XC - INDS,XC - CAG
AGI,XC - INDS,XC - CAG
AHLADA,XC - INDS,XC - CAG
AIAENG,XC - INDS,XC - CAG
AIL,XC - INDS,XC - CAG
AILIMITED,XC - INDS,XC - CAG
AIROLAM,XC - INDS,XC - CAG
AISL,XC - INDS,XC - CAG
AKG,XC - INDS,XC - CAG
AKSHOPTFBR,XC - INDS,XC - CAG
ALICON,XC - INDS,XC - CAG
ALSTOMT&D,XC - INDS,XC - CAG
AMDIND,XC - INDS,XC - CAG
ANMOL,XC - INDS,XC - CAG
ANUP,XC - INDS,XC - CAG
APARINDS,XC - INDS,XC - CAG
APCOTEXIND,XC - INDS,XC - CAG
APOLLO,XC - INDS,XC - CAG
APOLLOPIPE,XC - INDS,XC - CAG
ARROWGREEN,XC - INDS,XC - CAG
ASPINWALL,XC - INDS,XC - CAG
ASTRAL,XC - INDS,XC - CAG
ASTRAMICRO,XC - INDS,XC - CAG
AVROIND,XC - INDS,XC - CAG
AVSL,XC - INDS,XC - CAG
AWHCL,XC - INDS,XC - CAG
BALMLAWRIE,XC - INDS,XC - CAG
BANSAL,XC - INDS,XC - CAG
BBL,XC - INDS,XC - CAG
BBTCL,XC - INDS,XC - CAG
BCP,XC - INDS,XC - CAG
BDL,XC - INDS,XC - CAG
BEARDSELL,XC - INDS,XC - CAG
BEL,XC - INDS,XC - CAG
BEML,XC - INDS,XC - CAG
BEPL,XC - INDS,XC - CAG
BEWLTD,XC - INDS,XC - CAG
BGRENERGY,XC - INDS,XC - CAG
BHARATWIRE,XC - INDS,XC - CAG
BHEL,XC - INDS,XC - CAG
BILENERGY,XC - INDS,XC - CAG
BIRLACABLE,XC - INDS,XC - CAG
BORORENEW,XC - INDS,XC - CAG
BRIGHT,XC - INDS,XC - CAG
CARBORUNIV,XC - INDS,XC - CAG
CENTUM,XC - INDS,XC - CAG
CGPOWER,XC - INDS,XC - CAG
CIMMCO,XC - INDS,XC - CAG
CMICABLES,XC - INDS,XC - CAG
CONTROLPR,XC - INDS,XC - CAG
COOLCAPS,XC - INDS,XC - CAG
COSMOFILMS,XC - INDS,XC - CAG
CROMPGREAV,XC - INDS,XC - CAG
CROWN,XC - INDS,XC - CAG
CUMMINSIND,XC - INDS,XC - CAG
DATAPATTNS,XC - INDS,XC - CAG
DCMSHRIRAM,XC - INDS,XC - CAG
DENORA,XC - INDS,XC - CAG
DIAPOWER,XC - INDS,XC - CAG
DICIND,XC - INDS,XC - CAG
DIL,XC - INDS,XC - CAG
DIXON,XC - INDS,XC - CAG
DKEGL,XC - INDS,XC - CAG
DPABHUSHAN,XC - INDS,XC - CAG
DUCON,XC - INDS,XC - CAG
DYNAMIC,XC - INDS,XC - CAG
EASUNREYRL,XC - INDS,XC - CAG
EIMCOELECO,XC - INDS,XC - CAG
EKC,XC - INDS,XC - CAG
ELECON,XC - INDS,XC - CAG
ELECTHERM,XC - INDS,XC - CAG
ELGIEQUIP,XC - INDS,XC - CAG
EMCO,XC - INDS,XC - CAG
EMKAYTOOLS,XC - INDS,XC - CAG
ENGINERSIN,XC - INDS,XC - CAG
EON,XC - INDS,XC - CAG
EPL,XC - INDS,XC - CAG
ESABINDIA,XC - INDS,XC - CAG
ESSELPACK,XC - INDS,XC - CAG
ESTER,XC - INDS,XC - CAG
EUROMULTI,XC - INDS,XC - CAG
FELIX,XC - INDS,XC - CAG
FINCABLES,XC - INDS,XC - CAG
FOCUS,XC - INDS,XC - CAG
GEEKAYWIRE,XC - INDS,XC - CAG
GENUSPOWER,XC - INDS,XC - CAG
GET&D,XC - INDS,XC - CAG
GMMPFAUDLR,XC - INDS,XC - CAG
GODHA,XC - INDS,XC - CAG
GOLDSTAR,XC - INDS,XC - CAG
GRAPHITE,XC - INDS,XC - CAG
GREAVESCOT,XC - INDS,XC - CAG
GRINDWELL,XC - INDS,XC - CAG
GRWRHITECH,XC - INDS,XC - CAG
GUJAPOLLO,XC - INDS,XC - CAG
GUJRAFFIA,XC - INDS,XC - CAG
HAL,XC - INDS,XC - CAG
HBLPOWER,XC - INDS,XC - CAG
HECPROJECT,XC - INDS,XC - CAG
HEG,XC - INDS,XC - CAG
HERCULES,XC - INDS,XC - CAG
HINDNATGLS,XC - INDS,XC - CAG
HIRECT,XC - INDS,XC - CAG
HITECHCORP,XC - INDS,XC - CAG
HLEGLAS,XC - INDS,XC - CAG
HMT,XC - INDS,XC - CAG
HONDAPOWER,XC - INDS,XC - CAG
HPL,XC - INDS,XC - CAG
HSIL,XC - INDS,XC - CAG
HUHTAMAKI,XC - INDS,XC - CAG
ICEMAKE,XC - INDS,XC - CAG
IMPAL,XC - INDS,XC - CAG
IMPEXFERRO,XC - INDS,XC - CAG
INCREDIBLE,XC - INDS,XC - CAG
INDLMETER,XC - INDS,XC - CAG
INDOSOLAR,XC - INDS,XC - CAG
INGERRAND,XC - INDS,XC - CAG
INOXWIND,XC - INDS,XC - CAG
IONEXCHANG,XC - INDS,XC - CAG
IRCON,XC - INDS,XC - CAG
ISGEC,XC - INDS,XC - CAG
ISMTLTD,XC - INDS,XC - CAG
JAINAM,XC - INDS,XC - CAG
JASH,XC - INDS,XC - CAG
JAYNECOIND,XC - INDS,XC - CAG
JIKIND,XC - INDS,XC - CAG
JINDALPOLY,XC - INDS,XC - CAG
JISLJALEQS,XC - INDS,XC - CAG
JUBLINDS,XC - INDS,XC - CAG
JWL,XC - INDS,XC - CAG
KABRAEXTRU,XC - INDS,XC - CAG
KALYANIFRG,XC - INDS,XC - CAG
KEC,XC - INDS,XC - CAG
KECL,XC - INDS,XC - CAG
KEI,XC - INDS,XC - CAG
KEMROCK,XC - INDS,XC - CAG
KENNAMET,XC - INDS,XC - CAG
KHAITANLTD,XC - INDS,XC - CAG
KINGFA,XC - INDS,XC - CAG
KIRLOSBROS,XC - INDS,XC - CAG
KIRLOSENG,XC - INDS,XC - CAG
KIRLOSIND,XC - INDS,XC - CAG
KPIGREEN,XC - INDS,XC - CAG
KRISHNADEF,XC - INDS,XC - CAG
KRITI,XC - INDS,XC - CAG
KRITIKA,XC - INDS,XC - CAG
KSB,XC - INDS,XC - CAG
KSBPUMPS,XC - INDS,XC - CAG
KSHITIJPOL,XC - INDS,XC - CAG
LATTEYS,XC - INDS,XC - CAG
LAXMIMACH,XC - INDS,XC - CAG
LGBFORGE,XC - INDS,XC - CAG
LOKESHMACH,XC - INDS,XC - CAG
LSIL,XC - INDS,XC - CAG
LT,XC - INDS,XC - CAG
MACPOWER,XC - INDS,XC - CAG
MADHAV,XC - INDS,XC - CAG
MAHASTEEL,XC - INDS,XC - CAG
MAHEPC,XC - INDS,XC - CAG
MAHINDCIE,XC - INDS,XC - CAG
MANAKSIA,XC - INDS,XC - CAG
MANINDS,XC - INDS,XC - CAG
MANUGRAPH,XC - INDS,XC - CAG
MARINE,XC - INDS,XC - CAG
MARSHALL,XC - INDS,XC - CAG
MAYURUNIQ,XC - INDS,XC - CAG
MAZDA,XC - INDS,XC - CAG
MBECL,XC - INDS,XC - CAG
MEP,XC - INDS,XC - CAG
METALFORGE,XC - INDS,XC - CAG
MHLXMIRU,XC - INDS,XC - CAG
MMFL,XC - INDS,XC - CAG
MODISNME,XC - INDS,XC - CAG
MOLDTKPAC,XC - INDS,XC - CAG
MRO,XC - INDS,XC - CAG
MTARTECH,XC - INDS,XC - CAG
NELCAST,XC - INDS,XC - CAG
NESCO,XC - INDS,XC - CAG
NILKAMAL,XC - INDS,XC - CAG
NITCO,XC - INDS,XC - CAG
NITINFIRE,XC - INDS,XC - CAG
NITIRAJ,XC - INDS,XC - CAG
NRBBEARING,XC - INDS,XC - CAG
OILCOUNTUB,XC - INDS,XC - CAG
OLECTRA,XC - INDS,XC - CAG
OMINFRAL,XC - INDS,XC - CAG
ORIENTABRA,XC - INDS,XC - CAG
ORIENTALTL,XC - INDS,XC - CAG
ORIENTBELL,XC - INDS,XC - CAG
ORIENTLTD,XC - INDS,XC - CAG
PARACABLES,XC - INDS,XC - CAG
PARAS,XC - INDS,XC - CAG
PEARLPOLY,XC - INDS,XC - CAG
PETRONENGG,XC - INDS,XC - CAG
PILITA,XC - INDS,XC - CAG
PITTIENG,XC - INDS,XC - CAG
PIXTRANS,XC - INDS,XC - CAG
PLASTIBLEN,XC - INDS,XC - CAG
POKARNA,XC - INDS,XC - CAG
POLYCAB,XC - INDS,XC - CAG
POLYPLEX,XC - INDS,XC - CAG
POWERINDIA,XC - INDS,XC - CAG
POWERMECH,XC - INDS,XC - CAG
PPL,XC - INDS,XC - CAG
PRAJIND,XC - INDS,XC - CAG
PRECWIRE,XC - INDS,XC - CAG
PREMIER,XC - INDS,XC - CAG
PREMIERPOL,XC - INDS,XC - CAG
PRIMESECU,XC - INDS,XC - CAG
PRINCEPIPE,XC - INDS,XC - CAG
PULZ,XC - INDS,XC - CAG
PUNJLLOYD,XC - INDS,XC - CAG
QUESS,XC - INDS,XC - CAG
RAMASTEEL,XC - INDS,XC - CAG
REGENCERAM,XC - INDS,XC - CAG
RESPONIND,XC - INDS,XC - CAG
REVATHI,XC - INDS,XC - CAG
REXPIPES,XC - INDS,XC - CAG
RKFORGE,XC - INDS,XC - CAG
RMCL,XC - INDS,XC - CAG
RMDRIP,XC - INDS,XC - CAG
ROLLT,XC - INDS,XC - CAG
ROTO,XC - INDS,XC - CAG
RPPL,XC - INDS,XC - CAG
S&SPOWER,XC - INDS,XC - CAG
SAGARDEEP,XC - INDS,XC - CAG
SALASAR,XC - INDS,XC - CAG
SALZERELEC,XC - INDS,XC - CAG
SANCO,XC - INDS,XC - CAG
SANGHVIMOV,XC - INDS,XC - CAG
SCHAND,XC - INDS,XC - CAG
SCHNEIDER,XC - INDS,XC - CAG
SERVOTECH,XC - INDS,XC - CAG
SGIL,XC - INDS,XC - CAG
SHAILY,XC - INDS,XC - CAG
SHAKTIPUMP,XC - INDS,XC - CAG
SHREERAMA,XC - INDS,XC - CAG
SIDDHIKA,XC - INDS,XC - CAG
SIEMENS,XC - INDS,XC - CAG
SINTERCOM,XC - INDS,XC - CAG
SKIPPER,XC - INDS,XC - CAG
SKP,XC - INDS,XC - CAG
SMVD,XC - INDS,XC - CAG
SOLEX,XC - INDS,XC - CAG
SOMICONVEY,XC - INDS,XC - CAG
SPECTRUM,XC - INDS,XC - CAG
SPTL,XC - INDS,XC - CAG
STCINDIA,XC - INDS,XC - CAG
STEELCAS,XC - INDS,XC - CAG
SUPREMEENG,XC - INDS,XC - CAG
SUPREMEIND,XC - INDS,XC - CAG
SURANASOL,XC - INDS,XC - CAG
SURANAT&P,XC - INDS,XC - CAG
SUZLON,XC - INDS,XC - CAG
SWARAJENG,XC - INDS,XC - CAG
SWELECTES,XC - INDS,XC - CAG
TAINWALCHM,XC - INDS,XC - CAG
TDPOWERSYS,XC - INDS,XC - CAG
TECHNO,XC - INDS,XC - CAG
TECHNOFAB,XC - INDS,XC - CAG
TEGA,XC - INDS,XC - CAG
TEMBO,XC - INDS,XC - CAG
TEXINFRA,XC - INDS,XC - CAG
TEXMOPIPES,XC - INDS,XC - CAG
THEJO,XC - INDS,XC - CAG
THERMAX,XC - INDS,XC - CAG
TIJARIA,XC - INDS,XC - CAG
TIL,XC - INDS,XC - CAG
TIMETECHNO,XC - INDS,XC - CAG
TOKYOPLAST,XC - INDS,XC - CAG
TRF,XC - INDS,XC - CAG
TRITURBINE,XC - INDS,XC - CAG
TRIVENI,XC - INDS,XC - CAG
TWL,XC - INDS,XC - CAG
UFLEX,XC - INDS,XC - CAG
UNIDT,XC - INDS,XC - CAG
UNIVCABLES,XC - INDS,XC - CAG
URAVI,XC - INDS,XC - CAG
UWCSL,XC - INDS,XC - CAG
VETO,XC - INDS,XC - CAG
VGUARD,XC - INDS,XC - CAG
VMARCIND,XC - INDS,XC - CAG
VOLTAMP,XC - INDS,XC - CAG
WABAG,XC - INDS,XC - CAG
WALCHANNAG,XC - INDS,XC - CAG
WEBELSOLAR,XC - INDS,XC - CAG
WENDT,XC - INDS,XC - CAG
WFL,XC - INDS,XC - CAG
WINDMACHIN,XC - INDS,XC - CAG
WORTH,XC - INDS,XC - CAG
WSI,XC - INDS,XC - CAG
XPROINDIA,XC - INDS,XC - CAG
YUKEN,XC - INDS,XC - CAG
ZENITHSTL,XC - INDS,XC - CAG
ZENTEC,XC - INDS,XC - CAG
ZICOM,XC - INDS,XC - CAG
20MICRONS,XC - MTRL,XC - CHM
AARTIIND,XC - MTRL,XC - CHM
AARTISURF,XC - MTRL,XC - CHM
AETHER,XC - MTRL,XC - CHM
AHIMSA,XC - MTRL,XC - CHM
AKSHARCHEM,XC - MTRL,XC - CHM
ALKALI,XC - MTRL,XC - CHM
ALKYLAMINE,XC - MTRL,XC - CHM
AMBANIORG,XC - MTRL,XC - CHM
AMJUMBO,XC - MTRL,XC - CHM
ANURAS,XC - MTRL,XC - CHM
ARVEE,XC - MTRL,XC - CHM
ASAHISONG,XC - MTRL,XC - CHM
ASTEC,XC - MTRL,XC - CHM
ATFL,XC - MTRL,XC - CHM
ATUL,XC - MTRL,XC - CHM
AVTNPL,XC - MTRL,XC - CHM
BALAMINES,XC - MTRL,XC - CHM
BASF,XC - MTRL,XC - CHM
BESTAGRO,XC - MTRL,XC - CHM
BHAGERIA,XC - MTRL,XC - CHM
BHARATRAS,XC - MTRL,XC - CHM
BODALCHEM,XC - MTRL,XC - CHM
CAMLINFINE,XC - MTRL,XC - CHM
CHEMBOND,XC - MTRL,XC - CHM
CHEMCON,XC - MTRL,XC - CHM
CHEMFAB,XC - MTRL,XC - CHM
CHEMPLASTS,XC - MTRL,XC - CHM
CHROMATIC,XC - MTRL,XC - CHM
CLEAN,XC - MTRL,XC - CHM
CLNINDIA,XC - MTRL,XC - CHM
DCW,XC - MTRL,XC - CHM
DEEPAKFERT,XC - MTRL,XC - CHM
DEEPAKNTR,XC - MTRL,XC - CHM
DHARAMSI,XC - MTRL,XC - CHM
DYNPRO,XC - MTRL,XC - CHM
EMMBI,XC - MTRL,XC - CHM
EXCELINDUS,XC - MTRL,XC - CHM
FAIRCHEMOR,XC - MTRL,XC - CHM
FCL,XC - MTRL,XC - CHM
FIBERWEB,XC - MTRL,XC - CHM
FINEORG,XC - MTRL,XC - CHM
FINPIPE,XC - MTRL,XC - CHM
FLUOROCHEM,XC - MTRL,XC - CHM
FOSECOIND,XC - MTRL,XC - CHM
GALAXYSURF,XC - MTRL,XC - CHM
GANESHBE,XC - MTRL,XC - CHM
GFLLIMITED,XC - MTRL,XC - CHM
GHCL,XC - MTRL,XC - CHM
GNFC,XC - MTRL,XC - CHM
GOACARBON,XC - MTRL,XC - CHM
GOCLCORP,XC - MTRL,XC - CHM
GRAUWEIL,XC - MTRL,XC - CHM
GRPLTD,XC - MTRL,XC - CHM
GUJALKALI,XC - MTRL,XC - CHM
GUJFLUORO,XC - MTRL,XC - CHM
GULPOLY,XC - MTRL,XC - CHM
HINDCON,XC - MTRL,XC - CHM
HPAL,XC - MTRL,XC - CHM
HPIL,XC - MTRL,XC - CHM
HSCL,XC - MTRL,XC - CHM
IGPL,XC - MTRL,XC - CHM
INDIAGLYCO,XC - MTRL,XC - CHM
INDOAMIN,XC - MTRL,XC - CHM
INDOBORAX,XC - MTRL,XC - CHM
INEOSSTYRO,XC - MTRL,XC - CHM
INSECTICID,XC - MTRL,XC - CHM
JOCIL,XC - MTRL,XC - CHM
JUBLINGREA,XC - MTRL,XC - CHM
KANORICHEM,XC - MTRL,XC - CHM
KIRIINDUS,XC - MTRL,XC - CHM
KOTHARIPET,XC - MTRL,XC - CHM
KRISHANA,XC - MTRL,XC - CHM
LINDEINDIA,XC - MTRL,XC - CHM
LXCHEM,XC - MTRL,XC - CHM
MAHICKRA,XC - MTRL,XC - CHM
MANALIPETC,XC - MTRL,XC - CHM
MANORG,XC - MTRL,XC - CHM
MBAPL,XC - MTRL,XC - CHM
MEGH,XC - MTRL,XC - CHM
MFL,XC - MTRL,XC - CHM
MGEL,XC - MTRL,XC - CHM
MONSANTO,XC - MTRL,XC - CHM
NAVINFLUOR,XC - MTRL,XC - CHM
NEOGEN,XC - MTRL,XC - CHM
NKIND,XC - MTRL,XC - CHM
NOCIL,XC - MTRL,XC - CHM
OAL,XC - MTRL,XC - CHM
OCCL,XC - MTRL,XC - CHM
OMKARCHEM,XC - MTRL,XC - CHM
PANAMAPET,XC - MTRL,XC - CHM
PAR,XC - MTRL,XC - CHM
PCBL,XC - MTRL,XC - CHM
PIDILITIND,XC - MTRL,XC - CHM
PODDARMENT,XC - MTRL,XC - CHM
PREMEXPLN,XC - MTRL,XC - CHM
PRIVISCL,XC - MTRL,XC - CHM
PROLIFE,XC - MTRL,XC - CHM
RAIN,XC - MTRL,XC - CHM
REFEX,XC - MTRL,XC - CHM
ROSSARI,XC - MTRL,XC - CHM
SANGINITA,XC - MTRL,XC - CHM
SEYAIND,XC - MTRL,XC - CHM
SHK,XC - MTRL,XC - CHM
SHREEPUSHK,XC - MTRL,XC - CHM
SIL,XC - MTRL,XC - CHM
SOLARINDS,XC - MTRL,XC - CHM
SPLPETRO,XC - MTRL,XC - CHM
SRF,XC - MTRL,XC - CHM
SRHHYPOLTD,XC - MTRL,XC - CHM
SUDARSCHEM,XC - MTRL,XC - CHM
SUPPETRO,XC - MTRL,XC - CHM
TATACHEM,XC - MTRL,XC - CHM
TATVA,XC - MTRL,XC - CHM
TIRUMALCHM,XC - MTRL,XC - CHM
TIRUPATI,XC - MTRL,XC - CHM
TNPETRO,XC - MTRL,XC - CHM
UCL,XC - MTRL,XC - CHM
UNIENTER,XC - MTRL,XC - CHM
UNIPHOS,XC - MTRL,XC - CHM
UNIPLY,XC - MTRL,XC - CHM
UPL,XC - MTRL,XC - CHM
VALIANTORG,XC - MTRL,XC - CHM
VIKASECO,XC - MTRL,XC - CHM
VIKASLIFE,XC - MTRL,XC - CHM
VIKASWSP,XC - MTRL,XC - CHM
VINATIORGA,XC - MTRL,XC - CHM
VINYLINDIA,XC - MTRL,XC - CHM
VISHNU,XC - MTRL,XC - CHM
VSCL,XC - MTRL,XC - CHM
ACC,XC - MTRL,XC - CMT
AMBUJACEM,XC - MTRL,XC - CMT
ANDHRACEMT,XC - MTRL,XC - CMT
APCL,XC - MTRL,XC - CMT
BIGBLOC,XC - MTRL,XC - CMT
BIRLACORPN,XC - MTRL,XC - CMT
BURNPUR,XC - MTRL,XC - CMT
BVCL,XC - MTRL,XC - CMT
DALBHARAT,XC - MTRL,XC - CMT
DECCANCE,XC - MTRL,XC - CMT
EUROCERA,XC - MTRL,XC - CMT
EVERESTIND,XC - MTRL,XC - CMT
GRASIM,XC - MTRL,XC - CMT
GSCLCEMENT,XC - MTRL,XC - CMT
HEIDELBERG,XC - MTRL,XC - CMT
HIL,XC - MTRL,XC - CMT
IFGLEXPOR,XC - MTRL,XC - CMT
INDIACEM,XC - MTRL,XC - CMT
INDIANHUME,XC - MTRL,XC - CMT
JKCEMENT,XC - MTRL,XC - CMT
JKLAKSHMI,XC - MTRL,XC - CMT
KAKATCEM,XC - MTRL,XC - CMT
KCP,XC - MTRL,XC - CMT
LEXUS,XC - MTRL,XC - CMT
MADRASCEM,XC - MTRL,XC - CMT
MANGLMCEM,XC - MTRL,XC - CMT
NCLIND,XC - MTRL,XC - CMT
NIRAJ,XC - MTRL,XC - CMT
NUVOCO,XC - MTRL,XC - CMT
ORIENTCEM,XC - MTRL,XC - CMT
PRISMCEM,XC - MTRL,XC - CMT
PRSMJOHNSN,XC - MTRL,XC - CMT
RAMCOCEM,XC - MTRL,XC - CMT
RAMCOIND,XC - MTRL,XC - CMT
SAGCEM,XC - MTRL,XC - CMT
SANGHIIND,XC - MTRL,XC - CMT
SHREDIGCEM,XC - MTRL,XC - CMT
SHREECEM,XC - MTRL,XC - CMT
SPRL,XC - MTRL,XC - CMT
STARCEMENT,XC - MTRL,XC - CMT
UDAICEMENT,XC - MTRL,XC - CMT
ULTRACEMCO,XC - MTRL,XC - CMT
VESUVIUS,XC - MTRL,XC - CMT
VISAKAIND,XC - MTRL,XC - CMT
ACE,XC - INDS,XC - CNS
AHLUCONT,XC - INDS,XC - CNS
AJRINFRA,XC - INDS,XC - CNS
AKASH,XC - INDS,XC - CNS
ANSALAPI,XC - INDS,XC - CNS
ANSALHSG,XC - INDS,XC - CNS
ARENTERP,XC - INDS,XC - CNS
ARIHANT,XC - INDS,XC - CNS
ARIHANTSUP,XC - INDS,XC - CNS
AROGRANITE,XC - INDS,XC - CNS
ARSSINFRA,XC - INDS,XC - CNS
ARTNIRMAN,XC - INDS,XC - CNS
ARVSMART,XC - INDS,XC - CNS
ASHOKA,XC - INDS,XC - CNS
ASIANTILES,XC - INDS,XC - CNS
ATALREAL,XC - INDS,XC - CNS
ATLANTA,XC - INDS,XC - CNS
BANKA,XC - INDS,XC - CNS
BLKASHYAP,XC - INDS,XC - CNS
BRNL,XC - INDS,XC - CNS
CANDC,XC - INDS,XC - CNS
CCCL,XC - INDS,XC - CNS
CERA,XC - INDS,XC - CNS
DBL,XC - INDS,XC - CNS
ERAINFRA,XC - INDS,XC - CNS
EXXARO,XC - INDS,XC - CNS
FMNL,XC - INDS,XC - CNS
GAMMNINFRA,XC - INDS,XC - CNS
GAMMONIND,XC - INDS,XC - CNS
GAYAPROJ,XC - INDS,XC - CNS
GENCON,XC - INDS,XC - CNS
GIRIRAJ,XC - INDS,XC - CNS
GMRINFRA,XC - INDS,XC - CNS
GPTINFRA,XC - INDS,XC - CNS
GRINFRA,XC - INDS,XC - CNS
HCC,XC - INDS,XC - CNS
HGINFRA,XC - INDS,XC - CNS
IL&FSENGG,XC - INDS,XC - CNS
IRB,XC - INDS,XC - CNS
ITDCEM,XC - INDS,XC - CNS
IVRCLINFRA,XC - INDS,XC - CNS
JITFINFRA,XC - INDS,XC - CNS
JKIL,XC - INDS,XC - CNS
JMCPROJECT,XC - INDS,XC - CNS
JPASSOCIAT,XC - INDS,XC - CNS
JPINFRATEC,XC - INDS,XC - CNS
KAJARIACER,XC - INDS,XC - CNS
KAUSHALYA,XC - INDS,XC - CNS
KNRCON,XC - INDS,XC - CNS
KRIDHANINF,XC - INDS,XC - CNS
KTIL,XC - INDS,XC - CNS
LIKHITHA,XC - INDS,XC - CNS
LITL,XC - INDS,XC - CNS
MADHUCON,XC - INDS,XC - CNS
MANAV,XC - INDS,XC - CNS
MANINFRA,XC - INDS,XC - CNS
MBLINFRA,XC - INDS,XC - CNS
MDL,XC - INDS,XC - CNS
MUKANDENGG,XC - INDS,XC - CNS
MURUDCERA,XC - INDS,XC - CNS
MVL,XC - INDS,XC - CNS
NBCC,XC - INDS,XC - CNS
NCC,XC - INDS,XC - CNS
NOIDATOLL,XC - INDS,XC - CNS
ORBITCORP,XC - INDS,XC - CNS
PATELENG,XC - INDS,XC - CNS
PBAINFRA,XC - INDS,XC - CNS
PENINLAND,XC - INDS,XC - CNS
PERFECT,XC - INDS,XC - CNS
PNCINFRA,XC - INDS,XC - CNS
PRAENG,XC - INDS,XC - CNS
PROZONINTU,XC - INDS,XC - CNS
PSPPROJECT,XC - INDS,XC - CNS
PVP,XC - INDS,XC - CNS
RAMKY,XC - INDS,XC - CNS
REPL,XC - INDS,XC - CNS
RIIL,XC - INDS,XC - CNS
RILINFRA,XC - INDS,XC - CNS
RITES,XC - INDS,XC - CNS
RKEC,XC - INDS,XC - CNS
RPPINFRA,XC - INDS,XC - CNS
RUCHINFRA,XC - INDS,XC - CNS
RVNL,XC - INDS,XC - CNS
SADBHAV,XC - INDS,XC - CNS
SADBHIN,XC - INDS,XC - CNS
SECL,XC - INDS,XC - CNS
SEPC,XC - INDS,XC - CNS
SETUINFRA,XC - INDS,XC - CNS
SHAIVAL,XC - INDS,XC - CNS
SHRADHA,XC - INDS,XC - CNS
SHREMINVIT,XC - INDS,XC - CNS
SHRIRAMPPS,XC - INDS,XC - CNS
SICAGEN,XC - INDS,XC - CNS
SIMPLEXINF,XC - INDS,XC - CNS
SKIL,XC - INDS,XC - CNS
SOMANYCERA,XC - INDS,XC - CNS
SONUINFRA,XC - INDS,XC - CNS
SPMLINFRA,XC - INDS,XC - CNS
SSINFRA,XC - INDS,XC - CNS
SUMIT,XC - INDS,XC - CNS
SUPREMEINF,XC - INDS,XC - CNS
TANTIACONS,XC - INDS,XC - CNS
TARC,XC - INDS,XC - CNS
TARMAT,XC - INDS,XC - CNS
TCIDEVELOP,XC - INDS,XC - CNS
TECHIN,XC - INDS,XC - CNS
TEXRAIL,XC - INDS,XC - CNS
TRANSWIND,XC - INDS,XC - CNS
UNITY,XC - INDS,XC - CNS
UNIVASTU,XC - INDS,XC - CNS
VASCONEQ,XC - INDS,XC - CNS
VIJSHAN,XC - INDS,XC - CNS
VIPULLTD,XC - INDS,XC - CNS
WELENT,XC - INDS,XC - CNS
ADL,XC - CODI,XC - COD
AMBER,XC - CODI,XC - COD
AMJLAND,XC - CODI,XC - COD
ANDHRAPAP,XC - CODI,XC - COD
ANTGRAPHIC,XC - CODI,XC - COD
ARCHIDPLY,XC - CODI,XC - COD
ASAHIINDIA,XC - CODI,XC - COD
ASTRON,XC - CODI,XC - COD
ATLASCYCLE,XC - CODI,XC - COD
BAJAJELEC,XC - CODI,XC - COD
BALKRISHNA,XC - CODI,XC - COD
BALLARPUR,XC - CODI,XC - COD
BIL,XC - CODI,XC - COD
BLUESTARCO,XC - CODI,XC - COD
BOROLTD,XC - CODI,XC - COD
BPL,XC - CODI,XC - COD
BUTTERFLY,XC - CODI,XC - COD
CENTURYPLY,XC - CODI,XC - COD
EMAMIPAP,XC - CODI,XC - COD
EVEREADY,XC - CODI,XC - COD
GENUSPAPER,XC - CODI,XC - COD
GREENLAM,XC - CODI,XC - COD
GREENPANEL,XC - CODI,XC - COD
GREENPLY,XC - CODI,XC - COD
HAVELLS,XC - CODI,XC - COD
HINDWAREAP,XC - CODI,XC - COD
HONAUT,XC - CODI,XC - COD
IFBIND,XC - CODI,XC - COD
JCHAC,XC - CODI,XC - COD
JINDALPHOT,XC - CODI,XC - COD
JKPAPER,XC - CODI,XC - COD
KANANIIND,XC - CODI,XC - COD
KEEPLEARN,XC - CODI,XC - COD
KHADIM,XC - CODI,XC - COD
KUANTUM,XC - CODI,XC - COD
LAOPALA,XC - CODI,XC - COD
LEEL,XC - CODI,XC - COD
LYPSAGEMS,XC - CODI,XC - COD
MAGNUM,XC - CODI,XC - COD
MALUPAPER,XC - CODI,XC - COD
MIRCELECTR,XC - CODI,XC - COD
MIRZAINT,XC - CODI,XC - COD
NOESISIND,XC - CODI,XC - COD
NRAIL,XC - CODI,XC - COD
ORIENTELEC,XC - CODI,XC - COD
ORIENTPPR,XC - CODI,XC - COD
PDMJEPAPER,XC - CODI,XC - COD
PDUMJEIND,XC - CODI,XC - COD
PGEL,XC - CODI,XC - COD
PIGL,XC - CODI,XC - COD
POWERFUL,XC - CODI,XC - COD
RAINBOWPAP,XC - CODI,XC - COD
RAMANEWS,XC - CODI,XC - COD
RELAXO,XC - CODI,XC - COD
REPRO,XC - CODI,XC - COD
RUCHIRA,XC - CODI,XC - COD
RUSHIL,XC - CODI,XC - COD
SANDESH,XC - CODI,XC - COD
SATIA,XC - CODI,XC - COD
SBCL,XC - CODI,XC - COD
SESHAPAPER,XC - CODI,XC - COD
SFL,XC - CODI,XC - COD
SHRENIK,XC - CODI,XC - COD
SHREYANIND,XC - CODI,XC - COD
SREEL,XC - CODI,XC - COD
SRIRAM,XC - CODI,XC - COD
STARPAPER,XC - CODI,XC - COD
STOVEKRAFT,XC - CODI,XC - COD
SYMPHONY,XC - CODI,XC - COD
TITAN,XC - CODI,XC - COD
TNPL,XC - CODI,XC - COD
TTKPRESTIG,XC - CODI,XC - COD
UNIVPHOTO,XC - CODI,XC - COD
VASA,XC - CODI,XC - COD
VIDEOIND,XC - CODI,XC - COD
VIPIND,XC - CODI,XC - COD
VOLTAS,XC - CODI,XC - COD
WHIRLPOOL,XC - CODI,XC - COD
WIPL,XC - CODI,XC - COD
WSTCSTPAPR,XC - CODI,XC - COD
ADFFOODS,XC - COST,XC - FOP
ADVANTA,XC - COST,XC - FOP
AJOONI,XC - COST,XC - FOP
ANDREWYU,XC - COST,XC - FOP
ANIKINDS,XC - COST,XC - FOP
APEX,XC - COST,XC - FOP
ASALCBR,XC - COST ,XC - FOP
ASSAMCO,XC - COST,XC - FOP
AURDIS,XC - COST,XC - FOP
AVANTIFEED,XC - COST,XC - FOP
AWL,XC - COST,XC - FOP
BBTC,XC - COST,XC - FOP
BCLIND,XC - COST,XC - FOP
BECTORFOOD,XC - COST,XC - FOP
BRITANNIA,XC - COST,XC - FOP
BSHSL,XC - COST,XC - FOP
CCL,XC - COST,XC - FOP
COASTCORP,XC - COST,XC - FOP
DAAWAT,XC - COST,XC - FOP
DANGEE,XC - COST,XC - FOP
DEVYANI,XC - COST,XC - FOP
DFMFOODS,XC - COST,XC - FOP
DIAMONDYD,XC - COST,XC - FOP
DODLA,XC - COST,XC - FOP
DTIL,XC - COST,XC - FOP
DVL,XC - COST,XC - FOP
EIFFL,XC - COST,XC - FOP
FCONSUMER,XC - COST,XC - FOP
GAEL,XC - COST,XC - FOP
GLOBUSSPR,XC - COST,XC - FOP
GMBREW,XC - COST,XC - FOP
GODFRYPHLP,XC - COST,XC - FOP
GOKUL,XC - COST,XC - FOP
GOKULAGRO,XC - COST,XC - FOP
GOLDENTOBC,XC - COST,XC - FOP
GROBTEA,XC - COST,XC - FOP
GSKCONS,XC - COST,XC - FOP
HARRMALAYA,XC - COST,XC - FOP
HATSUN,XC - COST,XC - FOP
HERITGFOOD,XC - COST,XC - FOP
HNDFDS,XC - COST,XC - FOP
IFBAGRO,XC - COST,XC - FOP
ITC,XC - COST,XC - FOP
JVLAGRO,XC - COST,XC - FOP
KGL,XC - COST,XC - FOP
KNAGRI,XC - COST,XC - FOP
KOHINOOR,XC - COST,XC - FOP
KOTHARIPRO,XC - COST,XC - FOP
KRBL,XC - COST,XC - FOP
KRISHIVAL,XC - COST,XC - FOP
KSOILS,XC - COST,XC - FOP
MANORAMA,XC - COST,XC - FOP
MANPASAND,XC - COST,XC - FOP
MCDOWELL-N,XC - COST,XC - FOP
MCLEODRUSS,XC - COST,XC - FOP
MEGASTAR,XC - COST,XC - FOP
MKPL,XC - COST,XC - FOP
NARMADA,XC - COST,XC - FOP
NESTLEIND,XC - COST,XC - FOP
NGIL,XC - COST,XC - FOP
NORBTEAEXP,XC - COST,XC - FOP
PARAGMILK,XC - COST,XC - FOP
PATANJALI,XC - COST,XC - FOP
PIONDIST,XC - COST,XC - FOP
PKTEA,XC - COST,XC - FOP
RADICO,XC - COST,XC - FOP
RASOYPR,XC - COST,XC - FOP
RBA,XC - COST,XC - FOP
REIAGROLTD,XC - COST,XC - FOP
RKDL,XC - COST,XC - FOP
ROSSELLIND,XC - COST,XC - FOP
RUCHISOYA,XC - COST,XC - FOP
SAKUMA,XC - COST,XC - FOP
SAPPHIRE,XC - COST,XC - FOP
SARVESHWAR,XC - COST,XC - FOP
SDBL,XC - COST,XC - FOP
SHANTI,XC - COST,XC - FOP
SITASHREE,XC - COST,XC - FOP
SKMEGGPROD,XC - COST,XC - FOP
SONISOYA,XC - COST,XC - FOP
SRPL,XC - COST,XC - FOP
TASTYBITE,XC - COST,XC - FOP
TATACOFFEE,XC - COST,XC - FOP
TATACONSUM,XC - COST,XC - FOP
TATAGLOBAL,XC - COST,XC - FOP
TI,XC - COST,XC - FOP
UBL,XC - COST,XC - FOP
UMAEXPORTS,XC - COST,XC - FOP
UMANGDAIRY,XC - COST,XC - FOP
UNITEDTEA,XC - COST,XC - FOP
VADILALIND,XC - COST,XC - FOP
VBL,XC - COST,XC - FOP
VIDHIING,XC - COST,XC - FOP
VIKASPROP,XC - COST,XC - FOP
VIMALOIL,XC - COST,XC - FOP
VSTIND,XC - COST,XC - FOP
WINSOME,XC - COST,XC - FOP
AGRITECH,XC - MTRL,XC - FRT
AGROPHOS,XC - MTRL,XC - FRT
ARIES,XC - MTRL,XC - FRT
BAYERCROP,XC - MTRL,XC - FRT
BHAGCHEM,XC - MTRL,XC - FRT
BINDALAGRO,XC - MTRL,XC - FRT
BOHRA,XC - MTRL,XC - FRT
CHAMBLFERT,XC - MTRL,XC - FRT
COROMANDEL,XC - MTRL,XC - FRT
DCMSRMCONS,XC - MTRL,XC - FRT
DHANUKA,XC - MTRL,XC - FRT
FACT,XC - MTRL,XC - FRT
GSFC,XC - MTRL,XC - FRT
HERANBA,XC - MTRL,XC - FRT
IPL,XC - MTRL,XC - FRT
MADRASFERT,XC - MTRL,XC - FRT
MANGCHEFER,XC - MTRL,XC - FRT
MOL,XC - MTRL,XC - FRT
NACLIND,XC - MTRL,XC - FRT
NAGAFERT,XC - MTRL,XC - FRT
NFL,XC - MTRL,XC - FRT
OSWALSEEDS,XC - MTRL,XC - FRT
PARADEEP,XC - MTRL,XC - FRT
PIIND,XC - MTRL,XC - FRT
PUNJABCHEM,XC - MTRL,XC - FRT
RALLIS,XC - MTRL,XC - FRT
RCF,XC - MTRL,XC - FRT
SHARDACROP,XC - MTRL,XC - FRT
SIKKO,XC - MTRL,XC - FRT
SPIC,XC - MTRL,XC - FRT
SUMICHEM,XC - MTRL,XC - FRT
ZUARI,XC - MTRL,XC - FRT
ZUARIIND,XC - MTRL,XC - FRT
APOLLOHOSP,XC - HECA,XC - HCS
ARTEMISMED,XC - HECA,XC - HCS
FORTIS,XC - HECA,XC - HCS
HCG,XC - HECA,XC - HCS
INDRAMEDCO,XC - HECA,XC - HCS
KIMS,XC - HECA,XC - HCS
KOVAI,XC - HECA,XC - HCS
KRSNAA,XC - HECA,XC - HCS
LALPATHLAB,XC - HECA,XC - HCS
LOTUSEYE,XC - HECA,XC - HCS
MAXHEALTH,XC - HECA,XC - HCS
MEDPLUS,XC - HECA,XC - HCS
METROPOLIS,XC - HECA,XC - HCS
NIDAN,XC - HECA,XC - HCS
NURECA,XC - HECA,XC - HCS
OPTOCIRCUI,XC - HECA,XC - HCS
POLYMED,XC - HECA,XC - HCS
RAINBOW,XC - HECA,XC - HCS
SHALBY,XC - HECA,XC - HCS
THYROCARE,XC - HECA,XC - HCS
VIJAYA,XC - HECA,XC - HCS
AKZOINDIA,XC - COST,XC - HPP
AMBICAAGAR,XC - COST,XC - HPP
ASIANPAINT,XC - COST,XC - HPP
BAJAJCON,XC - COST,XC - HPP
BAJAJCORP,XC - COST,XC - HPP
BERGEPAINT,XC - COST,XC - HPP
COLPAL,XC - COST,XC - HPP
CUPID,XC - COST,XC - HPP
DABUR,XC - COST,XC - HPP
EMAMILTD,XC - COST,XC - HPP
GILLETTE,XC - COST,XC - HPP
GODREJAGRO,XC - COST,XC - HPP
GODREJCP,XC - COST,XC - HPP
GODREJIND,XC - COST,XC - HPP
HINDUNILVR,XC - COST,XC - HPP
INDIGOPNTS,XC - COST,XC - HPP
IVP,XC - COST,XC - HPP
JHS,XC - COST,XC - HPP
JYOTHYLAB,XC - COST,XC - HPP
KANSAINER,XC - COST,XC - HPP
KAYA,XC - COST,XC - HPP
KSCL,XC - COST,XC - HPP
MARICO,XC - COST,XC - HPP
OMFURN,XC - COST,XC - HPP
PARIN,XC - COST,XC - HPP
PGHH,XC - COST,XC - HPP
SAFARI,XC - COST,XC - HPP
SANWARIA,XC - COST,XC - HPP
SHALPAINTS,XC - COST,XC - HPP
SIRCA,XC - COST,XC - HPP
ZYDUSWELL,XC - COST,XC - HPP
AARVI,XC - CODI,XC - HSP
ACEINTEG,XC - CODI,XC - HSP
ADVANIHOTR,XC - CODI,XC - HSP
AHLEAST,XC - CODI,XC - HSP
AHLWEST,XC - CODI,XC - HSP
APOLSINHOT,XC - CODI,XC - HSP
ASIANHOTNR,XC - CODI,XC - HSP
BARBEQUE,XC - CODI,XC - HSP
BLUECOAST,XC - CODI,XC - HSP
BYKE,XC - CODI,XC - HSP
CCHHL,XC - CODI,XC - HSP
CHALET,XC - CODI,XC - HSP
CKPLEISURE,XC - CODI,XC - HSP
CLEDUCATE,XC - CODI,XC - HSP
COFFEEDAY,XC - CODI,XC - HSP
COX&KINGS,XC - CODI,XC - HSP
EASEMYTRIP,XC - CODI,XC - HSP
EIHAHOTELS,XC - CODI,XC - HSP
EIHOTEL,XC - CODI,XC - HSP
GIRRESORTS,XC - CODI,XC - HSP
HLVLTD,XC - CODI,XC - HSP
HOTELEELA,XC - CODI,XC - HSP
HOTELRUGBY,XC - CODI,XC - HSP
IMAGICAA,XC - CODI,XC - HSP
INDHOTEL,XC - CODI,XC - HSP
IRCTC,XC - CODI,XC - HSP
ITDC,XC - CODI,XC - HSP
KAMATHOTEL,XC - CODI,XC - HSP
KAPSTON,XC - CODI,XC - HSP
KHFM,XC - CODI,XC - HSP
LEMONTREE,XC - CODI,XC - HSP
MHRIL,XC - CODI,XC - HSP
ORIENTHOT,XC - CODI,XC - HSP
PARTYCRUS,XC - CODI,XC - HSP
ROHLTD,XC - CODI,XC - HSP
SECURCRED,XC - CODI,XC - HSP
SIS,XC - CODI,XC - HSP
SPECIALITY,XC - CODI,XC - HSP
TAJGVK,XC - CODI,XC - HSP
TALWALKARS,XC - CODI,XC - HSP
TALWGYM,XC - CODI,XC - HSP
TGBHOTELS,XC - CODI,XC - HSP
THOMASCOOK,XC - CODI,XC - HSP
VICEROY,XC - CODI,XC - HSP
WESTLIFE,XC - CODI,XC - HSP
WONDERLA,XC - CODI,XC - HSP
AFFLE,XC - INTH,XC - INT
BCG,XC - INTH,XC - INT
BLS,XC - INTH,XC - INT
CAMS,XC - INTH,XC - INT
CAREERP,XC - INTH,XC - INT
CARTRADE,XC - INTH,XC - INT
CEREBRAINT,XC - INTH,XC - INT
CMSINFO,XC - INTH,XC - INT
COMPINFO,XC - INTH,XC - INT
COMPUSOFT,XC - INTH,XC - INT
CONTI,XC - INTH,XC - INT
CTE,XC - INTH,XC - INT
CYBERTECH,XC - INTH,XC - INT
DATAMATICS,XC - INTH,XC - INT
DCI,XC - INTH,XC - INT
DELTACORP,XC - INTH,XC - INT
DEVIT,XC - INTH,XC - INT
DRCSYSTEMS,XC - INTH,XC - INT
DSSL,XC - INTH,XC - INT
DUGLOBAL,XC - INTH,XC - INT
E2E,XC - INTH,XC - INT
EDUCOMP,XC - INTH,XC - INT
INDIAMART,XC - INTH,XC - INT
INFIBEAM,XC - INTH,XC - INT
JUSTDIAL,XC - INTH,XC - INT
LATENTVIEW,XC - INTH,XC - INT
MAPMYINDIA,XC - INTH,XC - INT
MATRIMONY,XC - INTH,XC - INT
MPSLTD,XC - INTH,XC - INT
MRO-TEK,XC - INTH,XC - INT
MSTCLTD,XC - INTH,XC - INT
NAUKRI,XC - INTH,XC - INT
NAZARA,XC - INTH,XC - INT
NIITLTD,XC - INTH,XC - INT
NYKAA,XC - INTH,XC - INT
ONEPOINT,XC - INTH,XC - INT
OPTIEMUS,XC - INTH,XC - INT
PAYTM,XC - INTH,XC - INT
POLICYBZR,XC - INTH,XC - INT
QUADPRO,XC - INTH,XC - INT
RATEGAIN,XC - INTH,XC - INT
ROUTE,XC - INTH,XC - INT
RPSGVENT,XC - INTH,XC - INT
RSYSTEMS,XC - INTH,XC - INT
SMARTLINK,XC - INTH,XC - INT
SPCENET,XC - INTH,XC - INT
VERANDA,XC - INTH,XC - INT
ZOMATO,XC - INTH,XC - INT
3IINFOLTD,XC - INTH,XC - ITS
AAATECH,XC - INTH,XC - ITS
ACCELYA,XC - INTH,XC - ITS
ADROITINFO,XC - INTH,XC - ITS
ADSL,XC - INTH,XC - ITS
AGSTRA,XC - INTH,XC - ITS
AIRAN,XC - INTH,XC - ITS
ALLSEC,XC - INTH,XC - ITS
APTECHT,XC - INTH,XC - ITS
AURIONPRO,XC - INTH,XC - ITS
AURUM,XC - INTH,XC - ITS
AXISCADES,XC - INTH,XC - ITS
BARTRONICS,XC - INTH,XC - ITS
BBOX,XC - INTH,XC - ITS
BGLOBAL,XC - INTH,XC - ITS
BSOFT,XC - INTH,XC - ITS
CADSYS,XC - INTH,XC - ITS
CALSOFT,XC - INTH,XC - ITS
CIGNITITEC,XC - INTH,XC - ITS
CMC,XC - INTH,XC - ITS
COFORGE,XC - INTH,XC - ITS
COREEDUTEC,XC - INTH,XC - ITS
CYIENT,XC - INTH,XC - ITS
ECLERX,XC - INTH,XC - ITS
EMUDHRA,XC - INTH,XC - ITS
EQUIPPP,XC - INTH,XC - ITS
EXCEL,XC - INTH,XC - ITS
EXPLEOSOL,XC - INTH,XC - ITS
FCSSOFT,XC - INTH,XC - ITS
FIDEL,XC - INTH,XC - ITS
FINANTECH,XC - INTH,XC - ITS
FOURTHDIM,XC - INTH,XC - ITS
FSL,XC - INTH,XC - ITS
GENESYS,XC - INTH,XC - ITS
GEODESIC,XC - INTH,XC - ITS
GEOMETRIC,XC - INTH,XC - ITS
GISOLUTION,XC - INTH,XC - ITS
GLOBAL,XC - INTH,XC - ITS
GOLDTECH,XC - INTH,XC - ITS
GSS,XC - INTH,XC - ITS
GSTL,XC - INTH,XC - ITS
HAPPSTMNDS,XC - INTH,XC - ITS
HCL-INSYS,XC - INTH,XC - ITS
HCLTECH,XC - INTH,XC - ITS
HEXAWARE,XC - INTH,XC - ITS
HGS,XC - INTH,XC - ITS
HOVS,XC - INTH,XC - ITS
ICSA,XC - INTH,XC - ITS
INFINITE,XC - INTH,XC - ITS
INFOBEAN,XC - INTH,XC - ITS
INFOTECENT,XC - INTH,XC - ITS
INFY,XC - INTH,XC - ITS
INNOVANA,XC - INTH,XC - ITS
INSPIRISYS,XC - INTH,XC - ITS
INTELLECT,XC - INTH,XC - ITS
INTENTECH,XC - INTH,XC - ITS
IRIS,XC - INTH,XC - ITS
IZMO,XC - INTH,XC - ITS
KEERTI,XC - INTH,XC - ITS
KELLTONTEC,XC - INTH,XC - ITS
KERNEX,XC - INTH,XC - ITS
KPIT,XC - INTH,XC - ITS
KPITTECH,XC - INTH,XC - ITS
KSOLVES,XC - INTH,XC - ITS
LCCINFOTEC,XC - INTH,XC - ITS
LTI,XC - INTH,XC - ITS
LTTS,XC - INTH,XC - ITS
MASTEK,XC - INTH,XC - ITS
MEGASOFT,XC - INTH,XC - ITS
MELSTAR,XC - INTH,XC - ITS
MINDPOOL,XC - INTH,XC - ITS
MINDTECK,XC - INTH,XC - ITS
LTIM,XC - INTH,XC - ITS
MOLDTECH,XC - INTH,XC - ITS
MPHASIS,XC - INTH,XC - ITS
MTEDUCARE,XC - INTH,XC - ITS
NEWGEN,XC - INTH,XC - ITS
NIITTECH,XC - INTH,XC - ITS
NPST,XC - INTH,XC - ITS
NUCLEUS,XC - INTH,XC - ITS
OFSS,XC - INTH,XC - ITS
ONWARDTEC,XC - INTH,XC - ITS
PALREDTEC,XC - INTH,XC - ITS
PANACHE,XC - INTH,XC - ITS
PERSISTENT,XC - INTH,XC - ITS
POLARIS,XC - INTH,XC - ITS
PRESSMN,XC - INTH,XC - ITS
PROPEQUITY,XC - INTH,XC - ITS
QUICKHEAL,XC - INTH,XC - ITS
QUINTEGRA,XC - INTH,XC - ITS
RAMCOSYS,XC - INTH,XC - ITS
REDINGTON,XC - INTH,XC - ITS
RELIABLE,XC - INTH,XC - ITS
RICHA,XC - INTH,XC - ITS
ROLTA,XC - INTH,XC - ITS
RSSOFTWARE,XC - INTH,XC - ITS
SAKSOFT,XC - INTH,XC - ITS
SASKEN,XC - INTH,XC - ITS
SECURKLOUD,XC - INTH,XC - ITS
SIGMA,XC - INTH,XC - ITS
SILVERTUC,XC - INTH,XC - ITS
SOFTTECH,XC - INTH,XC - ITS
SONATSOFTW,XC - INTH,XC - ITS
SUBEXLTD,XC - INTH,XC - ITS
TANLA,XC - INTH,XC - ITS
TATAELXSI,XC - INTH,XC - ITS
TCS,XC - INTH,XC - ITS
TEAMLEASE,XC - INTH,XC - ITS
TECHM,XC - INTH,XC - ITS
TERASOFT,XC - INTH,XC - ITS
TREEHOUSE,XC - INTH,XC - ITS
TREJHARA,XC - INTH,XC - ITS
TRIGYN,XC - INTH,XC - ITS
TVSELECT,XC - INTH,XC - ITS
UMESLTD,XC - INTH,XC - ITS
VAKRANGEE,XC - INTH,XC - ITS
VAKRANSOFT,XC - INTH,XC - ITS
VISESHINFO,XC - INTH,XC - ITS
VIVO,XC - INTH,XC - ITS
WEWIN,XC - INTH,XC - ITS
WIPRO,XC - INTH,XC - ITS
XCHANGING,XC - INTH,XC - ITS
XELPMOC,XC - INTH,XC - ITS
ZEELEARN,XC - INTH,XC - ITS
ZENSARTECH,XC - INTH,XC - ITS
AEGISCHEM,XC - INDS,XC - LGT
AGARIND,XC - INDS,XC - LGT
ALLCARGO,XC - INDS,XC - LGT
ARSHIYA,XC - INDS,XC - LGT
AVG,XC - INDS,XC - LGT
BLUEDART,XC - INDS,XC - LGT
CONCOR,XC - INDS,XC - LGT
CREATIVE,XC - INDS,XC - LGT
DELHIVERY,XC - INDS,XC - LGT
DESTINY,XC - INDS,XC - LGT
DRSDILIP,XC - INDS,XC - LGT
FSC,XC - INDS,XC - LGT
GATEWAY,XC - INDS,XC - LGT
GATI,XC - INDS,XC - LGT
GDL,XC - INDS,XC - LGT
GICL,XC - INDS,XC - LGT
GKWLIMITED,XC - INDS,XC - LGT
GLOBALVECT,XC - INDS,XC - LGT
IL&FSTRANS,XC - INDS,XC - LGT
INDIGO,XC - INDS,XC - LGT
JALAN,XC - INDS,XC - LGT
JETAIRWAYS,XC - INDS,XC - LGT
JETFREIGHT,XC - INDS,XC - LGT
KANPRPLA,XC - INDS,XC - LGT
MAHESHWARI,XC - INDS,XC - LGT
MAHLOG,XC - INDS,XC - LGT
MAXVIL,XC - INDS,XC - LGT
NAVKARCORP,XC - INDS,XC - LGT
NECCLTD,XC - INDS,XC - LGT
OBCL,XC - INDS,XC - LGT
ORICONENT,XC - INDS,XC - LGT
PATINTLOG,XC - INDS,XC - LGT
RITCO,XC - INDS,XC - LGT
SICAL,XC - INDS,XC - LGT
SNOWMAN,XC - INDS,XC - LGT
SPICEJET,XC - INDS,XC - LGT
SUNDARAM,XC - INDS,XC - LGT
SVLL,XC - INDS,XC - LGT
TARACHAND,XC - INDS,XC - LGT
TCI,XC - INDS,XC - LGT
TCIEXP,XC - INDS,XC - LGT
TCPLPACK,XC - INDS,XC - LGT
TIMESCAN,XC - INDS,XC - LGT
VRLLOG,XC - INDS,XC - LGT
3RDROCK,XC - COSE,XC - MDA
BAGFILMS,XC - COSE ,XC - MDA
BALAJITELE,XC - COSE,XC - MDA
BTML,XC - COSE,XC - MDA
CINELINE,XC - COSE,XC - MDA
CINEVISTA,XC - COSE,XC - MDA
CREATIVEYE,XC - COSE,XC - MDA
CYBERMEDIA,XC - COSE,XC - MDA
DBCORP,XC - COSE,XC - MDA
DEN,XC - COSE,XC - MDA
DGCONTENT,XC - COSE,XC - MDA
DISHTV,XC - COSE,XC - MDA
DNAMEDIA,XC - COSE,XC - MDA
DQE,XC - COSE,XC - MDA
ENIL,XC - COSE,XC - MDA
EROSMEDIA,XC - COSE,XC - MDA
GTPL,XC - COSE,XC - MDA
HATHWAY,XC - COSE,XC - MDA
HMVL,XC - COSE,XC - MDA
HTMEDIA,XC - COSE,XC - MDA
INFOMEDIA,XC - COSE,XC - MDA
INOXLEISUR,XC - COSE,XC - MDA
JAGRAN,XC - COSE,XC - MDA
JAINSTUDIO,XC - COSE,XC - MDA
KSERASERA,XC - COSE,XC - MDA
MPTODAY,XC - COSE,XC - MDA
MUKTAARTS,XC - COSE,XC - MDA
NAVNETEDUL,XC - COSE,XC - MDA
NAVNETPUBL,XC - COSE,XC - MDA
NDTV,XC - COSE,XC - MDA
NELCO,XC - COSE,XC - MDA
NETWORK18,XC - COSE,XC - MDA
NEXTMEDIA,XC - COSE,XC - MDA
NXTDIGITAL,XC - COSE,XC - MDA
ORTEL,XC - COSE,XC - MDA
PFOCUS,XC - COSE,XC - MDA
PNC,XC - COSE,XC - MDA
PVR,XC - COSE,XC - MDA
RADAAN,XC - COSE,XC - MDA
RADIOCITY,XC - COSE,XC - MDA
RAJTV,XC - COSE,XC - MDA
SABEVENTS,XC - COSE,XC - MDA
SABTN,XC - COSE,XC - MDA
SAMBHAAV,XC - COSE,XC - MDA
SAREGAMA,XC - COSE,XC - MDA
SHEMAROO,XC - COSE,XC - MDA
SHREEASHTA,XC - COSE ,XC - MDA
SILLYMONKS,XC - COSE,XC - MDA
SITINET,XC - COSE,XC - MDA
SUNTV,XC - COSE,XC - MDA
TIPSINDLTD,XC - COSE,XC - MDA
TNTELE,XC - COSE,XC - MDA
TOUCHWOOD,XC - COSE,XC - MDA
TV18BRDCST,XC - COSE,XC - MDA
TVTODAY,XC - COSE,XC - MDA
TVVISION,XC - COSE,XC - MDA
UFO,XC - COSE,XC - MDA
VERTOZ,XC - COSE,XC - MDA
VIVIMEDLAB,XC - COSE,XC - MDA
WINPRO,XC - COSE,XC - MDA
ZEEL,XC - COSE,XC - MDA
ZEEMEDIA,XC - COSE,XC - MDA
ANKITMETAL,XC - MTRL,XC - MTL
APLAPOLLO,XC - MTRL,XC - MTL
ARCOTECH,XC - MTRL,XC - MTL
ASHAPURMIN,XC - MTRL,XC - MTL
BEDMUTHA,XC - MTRL,XC - MTL
BHAGYANGR,XC - MTRL,XC - MTL
BHUSANSTL,XC - MTRL,XC - MTL
BINANIIND,XC - MTRL,XC - MTL
BKMINDST,XC - MTRL,XC - MTL
BMETRICS,XC - MTRL,XC - MTL
CENTEXT,XC - MTRL,XC - MTL
COALINDIA,XC - MTRL,XC - MTL
CUBEXTUB,XC - MTRL,XC - MTL
DPWIRES,XC - MTRL,XC - MTL
ELECTCAST,XC - MTRL,XC - MTL
ESSDEE,XC - MTRL,XC - MTL
EUROBOND,XC - MTRL,XC - MTL
GAL,XC - MTRL,XC - MTL
GALLANTT,XC - MTRL,XC - MTL
GALLISPAT,XC - MTRL,XC - MTL
GANDHITUBE,XC - MTRL,XC - MTL
GFSTEELS,XC - MTRL,XC - MTL
GMDCLTD,XC - MTRL,XC - MTL
GOODLUCK,XC - MTRL,XC - MTL
GPIL,XC - MTRL,XC - MTL
GRAVITA,XC - MTRL,XC - MTL
GUJNRECOKE,XC - MTRL,XC - MTL
HARDWYN,XC - MTRL,XC - MTL
HARIOMPIPE,XC - MTRL,XC - MTL
HILTON,XC - MTRL,XC - MTL
HINDALCO,XC - MTRL,XC - MTL
HINDCOPPER,XC - MTRL,XC - MTL
HINDZINC,XC - MTRL,XC - MTL
HISARMETAL,XC - MTRL,XC - MTL
HITECH,XC - MTRL,XC - MTL
IMFA,XC - MTRL,XC - MTL
INNOIND,XC - MTRL,XC - MTL
JAIBALAJI,XC - MTRL,XC - MTL
JAICORPLTD,XC - MTRL,XC - MTL
JAYAGROGN,XC - MTRL,XC - MTL
JINDALSAW,XC - MTRL,XC - MTL
JINDALSTEL,XC - MTRL,XC - MTL
JSL,XC - MTRL,XC - MTL
JSLHISAR,XC - MTRL,XC - MTL
JSWISPAT,XC - MTRL,XC - MTL
JSWISPL,XC - MTRL,XC - MTL
JSWSTEEL,XC - MTRL,XC - MTL
KAMDHENU,XC - MTRL,XC - MTL
KIOCL,XC - MTRL,XC - MTL
KIRLFER,XC - MTRL,XC - MTL
KSL,XC - MTRL,XC - MTL
MAANALU,XC - MTRL,XC - MTL
MAHINDUGIN,XC - MTRL,XC - MTL
MAHSEAMLES,XC - MTRL,XC - MTL
MAITHANALL,XC - MTRL,XC - MTL
MANAKALUCO,XC - MTRL,XC - MTL
MANAKCOAT,XC - MTRL,XC - MTL
MANAKSTEEL,XC - MTRL,XC - MTL
MCL,XC - MTRL,XC - MTL
METKORE,XC - MTRL,XC - MTL
MIDHANI,XC - MTRL,XC - MTL
MMP,XC - MTRL,XC - MTL
MMTC,XC - MTRL,XC - MTL
MOIL,XC - MTRL,XC - MTL
MONNETISPA,XC - MTRL,XC - MTL
MSPL,XC - MTRL,XC - MTL
MUKANDLTD,XC - MTRL,XC - MTL
MWL,XC - MTRL,XC - MTL
NATIONALUM,XC - MTRL,XC - MTL
NATNLSTEEL,XC - MTRL,XC - MTL
NMDC,XC - MTRL,XC - MTL
NRL,XC - MTRL,XC - MTL
OISL,XC - MTRL,XC - MTL
ORISSAMINE,XC - MTRL,XC - MTL
PENIND,XC - MTRL,XC - MTL
PRAKASH,XC - MTRL,XC - MTL
PRAKASHSTL,XC - MTRL,XC - MTL
PSL,XC - MTRL,XC - MTL
RAJMET,XC - MTRL,XC - MTL
RAMSARUP,XC - MTRL,XC - MTL
RATNAMANI,XC - MTRL,XC - MTL
RHIM,XC - MTRL,XC - MTL
SAIL,XC - MTRL,XC - MTL
SALSTEEL,XC - MTRL,XC - MTL
SARDAEN,XC - MTRL,XC - MTL
SATHAISPAT,XC - MTRL,XC - MTL
SESAGOA,XC - MTRL,XC - MTL
SHAHALLOYS,XC - MTRL,XC - MTL
SHIRPUR-G,XC - MTRL,XC - MTL
SHIVAUM,XC - MTRL,XC - MTL
SHYAMCENT,XC - MTRL,XC - MTL
SHYAMMETL,XC - MTRL,XC - MTL
SMLT,XC - MTRL,XC - MTL
SSLT,XC - MTRL,XC - MTL
STEELXIND,XC - MTRL,XC - MTL
SUNFLAG,XC - MTRL,XC - MTL
SURANI,XC - MTRL,XC - MTL
SURYAROSNI,XC - MTRL,XC - MTL
TATAMETALI,XC - MTRL,XC - MTL
TATASPONGE,XC - MTRL,XC - MTL
TATASTEEL,XC - MTRL,XC - MTL
TATASTLLP,XC - MTRL,XC - MTL
TIIL,XC - MTRL,XC - MTL
TINPLATE,XC - MTRL,XC - MTL
USHAMART,XC - MTRL,XC - MTL
UTTAMSTL,XC - MTRL,XC - MTL
UVSL,XC - MTRL,XC - MTL
VASWANI,XC - MTRL,XC - MTL
VEDL,XC - MTRL,XC - MTL
VENUSPIPES,XC - MTRL,XC - MTL
VISASTEEL,XC - MTRL,XC - MTL
VSSL,XC - MTRL,XC - MTL
WELCORP,XC - MTRL,XC - MTL
21STCENMGM,XC - FNCL,XC - NFC
5PAISA,XC - FNCL,XC - NFC
AAVAS,XC - FNCL,XC - NFC
ABCAPITAL,XC - FNCL,XC - NFC
ABIRLANUVO,XC - FNCL,XC - NFC
ABSLAMC,XC - FNCL,XC - NFC
ALANKIT,XC - FNCL,XC - NFC
ALMONDZ,XC - FNCL,XC - NFC
ANANDRATHI,XC - FNCL,XC - NFC
ANGELONE,XC - FNCL,XC - NFC
APTUS,XC - FNCL,XC - NFC
ASCOM,XC - FNCL,XC - NFC
ATNINTER,XC - FNCL,XC - NFC
AUSOMENT,XC - FNCL,XC - NFC
BAJAJFINSV,XC - FNCL,XC - NFC
BAJAJHLDNG,XC - FNCL,XC - NFC
BAJFINANCE,XC - FNCL,XC - NFC
BFINVEST,XC - FNCL,XC - NFC
BIRLAMONEY,XC - FNCL,XC - NFC
BLBLIMITED,XC - FNCL,XC - NFC
BLUECHIP,XC - FNCL,XC - NFC
BSE,XC - FNCL,XC - NFC
CANFINHOME,XC - FNCL,XC - NFC
CAPF,XC - FNCL,XC - NFC
CAPTRUST,XC - FNCL,XC - NFC
CARERATING,XC - FNCL,XC - NFC
CDSL,XC - FNCL,XC - NFC
CENTRUM,XC - FNCL,XC - NFC
CGCL,XC - FNCL,XC - NFC
CHOICEIN,XC - FNCL,XC - NFC
CHOLAFIN,XC - FNCL,XC - NFC
CHOLAHLDNG,XC - FNCL,XC - NFC
CKFSL,XC - FNCL,XC - NFC
CONSOFINVT,XC - FNCL,XC - NFC
CORALFINAC,XC - FNCL,XC - NFC
CREDITACC,XC - FNCL,XC - NFC
CREST,XC - FNCL,XC - NFC
CRISIL,XC - FNCL,XC - NFC
CSLFINANCE,XC - FNCL,XC - NFC
DBSTOCKBRO,XC - FNCL,XC - NFC
DCMFINSERV,XC - FNCL,XC - NFC
DELPHIFX,XC - FNCL,XC - NFC
DHANI,XC - FNCL,XC - NFC
DHANVARSHA,XC - FNCL,XC - NFC
DHFL,XC - FNCL,XC - NFC
DHUNINV,XC - FNCL,XC - NFC
DOLATALGO,XC - FNCL,XC - NFC
EDELWEISS,XC - FNCL,XC - NFC
EMKAY,XC - FNCL,XC - NFC
EQUITAS,XC - FNCL,XC - NFC
FUTUREVENT,XC - FNCL,XC - NFC
GANGESSECU,XC - FNCL,XC - NFC
GEOJITBNPP,XC - FNCL,XC - NFC
GEOJITFSL,XC - FNCL,XC - NFC
GICHSGFIN,XC - FNCL,XC - NFC
GICRE,XC - FNCL,XC - NFC
GLFL,XC - FNCL,XC - NFC
GRUH,XC - FNCL,XC - NFC
HBSL,XC - FNCL,XC - NFC
HDFC,XC - FNCL,XC - NFC
HDFCAMC,XC - FNCL,XC - NFC
HDFCLIFE,XC - FNCL,XC - NFC
HEXATRADEX,XC - FNCL,XC - NFC
HOMEFIRST,XC - FNCL,XC - NFC
HUDCO,XC - FNCL,XC - NFC
IBSEC,XC - FNCL,XC - NFC
IBULHSGFIN,XC - FNCL,XC - NFC
ICICIGI,XC - FNCL,XC - NFC
ICICIPRULI,XC - FNCL,XC - NFC
ICRA,XC - FNCL,XC - NFC
IDEA,XC - FNCL,XC - NFC
IDFC,XC - FNCL,XC - NFC
IEX,XC - FNCL,XC - NFC
IFCI,XC - FNCL,XC - NFC
IIFL,XC - FNCL,XC - NFC
IIFLSEC,XC - FNCL,XC - NFC
IIFLWAM,XC - FNCL,XC - NFC
IITL,XC - FNCL,XC - NFC
INDIAINFO,XC - FNCL,XC - NFC
INDOSTAR,XC - FNCL,XC - NFC
INDOTHAI,XC - FNCL,XC - NFC
INVENTURE,XC - FNCL,XC - NFC
IRFC,XC - FNCL,XC - NFC
ISEC,XC - FNCL,XC - NFC
IVC,XC - FNCL,XC - NFC
JINDALSWHL,XC - FNCL,XC - NFC
JMFINANCIL,XC - FNCL,XC - NFC
JPOLYINVST,XC - FNCL,XC - NFC
JSWHL,XC - FNCL,XC - NFC
KEYFINSERV,XC - FNCL,XC - NFC
KHANDSE,XC - FNCL,XC - NFC
KICL,XC - FNCL,XC - NFC
L&TFH,XC - FNCL,XC - NFC
LFIC,XC - FNCL,XC - NFC
LGHL,XC - FNCL,XC - NFC
LICHSGFIN,XC - FNCL,XC - NFC
LICI,XC - FNCL,XC - NFC
M&MFIN,XC - FNCL,XC - NFC
MAGMA,XC - FNCL,XC - NFC
MAHAPEXLTD,XC - FNCL,XC - NFC
MANAPPURAM,XC - FNCL,XC - NFC
MASFIN,XC - FNCL,XC - NFC
MASKINVEST,XC - FNCL,XC - NFC
MAX,XC - FNCL,XC - NFC
MAXIND,XC - FNCL,XC - NFC
MCDHOLDING,XC - FNCL,XC - NFC
MCX,XC - FNCL,XC - NFC
MFSL,XC - FNCL,XC - NFC
MONARCH,XC - FNCL,XC - NFC
MOTILALOFS,XC - FNCL,XC - NFC
MOTOGENFIN,XC - FNCL,XC - NFC
MUTHOOTCAP,XC - FNCL,XC - NFC
MUTHOOTFIN,XC - FNCL,XC - NFC
NAGREEKCAP,XC - FNCL,XC - NFC
NAHARCAP,XC - FNCL,XC - NFC
NAM-INDIA,XC - FNCL,XC - NFC
NBIFIN,XC - FNCL,XC - NFC
NIACL,XC - FNCL,XC - NFC
NSIL,XC - FNCL,XC - NFC
ONELIFECAP,XC - FNCL,XC - NFC
OSWALAGRO,XC - FNCL,XC - NFC
PAISALO,XC - FNCL,XC - NFC
PALASHSECU,XC - FNCL,XC - NFC
PFC,XC - FNCL,XC - NFC
PFS,XC - FNCL,XC - NFC
PILANIINVS,XC - FNCL,XC - NFC
PNBGILTS,XC - FNCL,XC - NFC
PNBHOUSING,XC - FNCL,XC - NFC
POONAWALLA,XC - FNCL,XC - NFC
PRUDENT,XC - FNCL,XC - NFC
RECLTD,XC - FNCL,XC - NFC
RELCAPITAL,XC - FNCL,XC - NFC
RELIGARE,XC - FNCL,XC - NFC
REPCOHOME,XC - FNCL,XC - NFC
RHFL,XC - FNCL,XC - NFC
SASTASUNDR,XC - FNCL,XC - NFC
SATIN,XC - FNCL,XC - NFC
SBICARD,XC - FNCL,XC - NFC
SBILIFE,XC - FNCL,XC - NFC
SEINV,XC - FNCL,XC - NFC
SHAREINDIA,XC - FNCL,XC - NFC
SHRIRAMFIN,XC - FNCL,XC - NFC
SIGIND,XC - FNCL,XC - NFC
SILINV,XC - FNCL,XC - NFC
SKSMICRO,XC - FNCL,XC - NFC
SMCGLOBAL,XC - FNCL,XC - NFC
SPANDANA,XC - FNCL,XC - NFC
SREINFRA,XC - FNCL,XC - NFC
SRTRANSFIN,XC - FNCL,XC - NFC
STAMPEDE,XC - FNCL,XC - NFC
STARHEALTH,XC - FNCL,XC - NFC
STARTECK,XC - FNCL,XC - NFC
STEELCITY,XC - FNCL,XC - NFC
STEL,XC - FNCL,XC - NFC
SUBCAPCITY,XC - FNCL,XC - NFC
SUMMITSEC,XC - FNCL,XC - NFC
SUNDARMFIN,XC - FNCL,XC - NFC
SUNDARMHLD,XC - FNCL,XC - NFC
SUVIDHAA,XC - FNCL,XC - NFC
TATAINVEST,XC - FNCL,XC - NFC
TCIFINANCE,XC - FNCL,XC - NFC
TFCILTD,XC - FNCL,XC - NFC
TFL,XC - FNCL,XC - NFC
THEINVEST,XC - FNCL,XC - NFC
TIMESGTY,XC - FNCL,XC - NFC
UBHOLDINGS,XC - FNCL,XC - NFC
UGROCAP,XC - FNCL,XC - NFC
UJJIVAN,XC - FNCL,XC - NFC
UTIAMC,XC - FNCL,XC - NFC
VHL,XC - FNCL,XC - NFC
VIJIFIN,XC - FNCL,XC - NFC
VLSFINANCE,XC - FNCL,XC - NFC
WEALTH,XC - FNCL,XC - NFC
WELINV,XC - FNCL,XC - NFC
WILLAMAGOR,XC - FNCL,XC - NFC
ARIHANTCAP,XC - FNCL,XC - NFC 
ARMANFIN,XC - FNCL,XC - NFC 
ABAN,XC - ENRG,XC - ODE
ASIANENE,XC - ENRG,XC - ODE
ATGL,XC - ENRG,XC - ODE
CAIRN,XC - ENRG,XC - ODE
CONFIPET,XC - ENRG,XC - ODE
DEEPENR,XC - ENRG,XC - ODE
DEEPINDS,XC - ENRG,XC - ODE
DOLPHINOFF,XC - ENRG,XC - ODE
GAIL,XC - ENRG,XC - ODE
GSPL,XC - ENRG,XC - ODE
GTOFFSHORE,XC - ENRG,XC - ODE
GUJGASLTD,XC - ENRG,XC - ODE
GUJRATGAS,XC - ENRG,XC - ODE
HAVISHA,XC - ENRG,XC - ODE
HINDOILEXP,XC - ENRG,XC - ODE
IGL,XC - ENRG,XC - ODE
JINDRILL,XC - ENRG,XC - ODE
LINDEINDIA,XC - ENRG,XC - ODE
OIL,XC - ENRG,XC - ODE
ONGC,XC - ENRG,XC - ODE
PETRONET,XC - ENRG,XC - ODE
SELAN,XC - ENRG,XC - ODE
SOUTHWEST,XC - ENRG,XC - ODE
ADANIGREEN,XC - UTLT,XC - PGD
ADANIPOWER,XC - UTLT,XC - PGD
BFUTILITIE,XC - UTLT,XC - PGD
CESC,XC - UTLT,XC - PGD
INDOWIND,XC - UTLT,XC - PGD
IWEL,XC - UTLT,XC - PGD
JPPOWER,XC - UTLT,XC - PGD
JSWENERGY,XC - UTLT,XC - PGD
KARMAENG,XC - UTLT,XC - PGD
KKVAPOW,XC - UTLT,XC - PGD
KOTYARK,XC - UTLT,XC - PGD
KSK,XC - UTLT,XC - PGD
MITCON,XC - UTLT,XC - PGD
NBVENTURES,XC - UTLT,XC - PGD
NHPC,XC - UTLT,XC - PGD
NLCINDIA,XC - UTLT,XC - PGD
NTPC,XC - UTLT,XC - PGD
POWERGRID,XC - UTLT,XC - PGD
RELINFRA,XC - UTLT,XC - PGD
RPOWER,XC - UTLT,XC - PGD
RTNINDIA,XC - UTLT,XC - PGD
RTNPOWER,XC - UTLT,XC - PGD
SEPOWER,XC - UTLT,XC - PGD
SJVN,XC - UTLT,XC - PGD
SWSOLAR,XC - UTLT,XC - PGD
TATAPOWER,XC - UTLT,XC - PGD
TORNTPOWER,XC - UTLT,XC - PGD
URJA,XC - UTLT,XC - PGD
DPSCLTD,XC - UTLT,XC - PGD 
ENERGYDEV,XC - UTLT,XC - PGD 
GIPCL,XC - UTLT,XC - PGD 
GMRP&UI,XC - UTLT,XC - PGD 
GREENPOWER,XC - UTLT,XC - PGD 
GVKPIL,XC - UTLT,XC - PGD 
IBPOW,XC - UTLT,XC - PGD 
NEYVELILIG,XC - UTLT,XC - PGD 
ZODIAC,XC - UTLT,XC - PGD 
AANJANEYA,XC - HECA,XC - PHR
AAREYDRUGS,XC - HECA,XC - PHR
AARTIDRUGS,XC - HECA,XC - PHR
ABBOTINDIA,XC - HECA,XC - PHR
ADVENZYMES,XC - HECA,XC - PHR
AJANTPHARM,XC - HECA,XC - PHR
ALBERTDAVD,XC - HECA,XC - PHR
ALCHEM,XC - HECA,XC - PHR
ALEMBICLTD,XC - HECA,XC - PHR
ALKEM,XC - HECA,XC - PHR
ALPA,XC - HECA,XC - PHR
ALPHAGEO,XC - HECA,XC - PHR
AMIORG,XC - HECA,XC - PHR
AMRUTANJAN,XC - HECA,XC - PHR
APLLTD,XC - HECA,XC - PHR
ASTERDM,XC - HECA,XC - PHR
ASTRAZEN,XC - HECA,XC - PHR
AUROPHARMA,XC - HECA,XC - PHR
BAFNAPH,XC - HECA,XC - PHR
BAJAJHCARE,XC - HECA,XC - PHR
BALAXI,XC - HECA ,XC - PHR
BALPHARMA,XC - HECA ,XC - PHR
BETA,XC - HECA ,XC - PHR
BIOCON,XC - HECA,XC - PHR
BIOFILCHEM,XC - HECA,XC - PHR
BLISSGVS,XC - HECA,XC - PHR
BROOKS,XC - HECA,XC - PHR
CADILAHC,XC - HECA,XC - PHR
CAPLIPOINT,XC - HECA,XC - PHR
CELESTIAL,XC - HECA,XC - PHR
CIPLA,XC - HECA,XC - PHR
DCAL,XC - HECA,XC - PHR
DISHMAN,XC - HECA,XC - PHR
DIVISLAB,XC - HECA,XC - PHR
DRREDDY,XC - HECA,XC - PHR
ELDERPHARM,XC - HECA,XC - PHR
ERIS,XC - HECA,XC - PHR
FDC,XC - HECA,XC - PHR
FKONCO,XC - HECA,XC - PHR
GLAND,XC - HECA,XC - PHR
GLAXO,XC - HECA,XC - PHR
GLENMARK,XC - HECA,XC - PHR
GLS,XC - HECA,XC - PHR
GRANULES,XC - HECA,XC - PHR
GUFICBIO,XC - HECA,XC - PHR
HESTERBIO,XC - HECA,XC - PHR
HIKAL,XC - HECA,XC - PHR
INDOCO,XC - HECA,XC - PHR
INDSWFTLAB,XC - HECA,XC - PHR
INDSWFTLTD,XC - HECA,XC - PHR
IOLCP,XC - HECA,XC - PHR
IPCALAB,XC - HECA,XC - PHR
JAGSNPHARM,XC - HECA,XC - PHR
JBCHEPHARM,XC - HECA,XC - PHR
JSLL,XC - HECA,XC - PHR
JUBILANT,XC - HECA,XC - PHR
JUBLPHARMA,XC - HECA,XC - PHR
KILITCH,XC - HECA,XC - PHR
KOPRAN,XC - HECA,XC - PHR
KREBSBIO,XC - HECA,XC - PHR
LASA,XC - HECA,XC - PHR
LAURUSLABS,XC - HECA,XC - PHR
LINCOLN,XC - HECA,XC - PHR
LUPIN,XC - HECA,XC - PHR
LYKALABS,XC - HECA,XC - PHR
MADHAVBAUG,XC - HECA,XC - PHR
MANGALAM,XC - HECA,XC - PHR
MARKSANS,XC - HECA,XC - PHR
MEDICAMEQ,XC - HECA,XC - PHR
MEDICO,XC - HECA,XC - PHR
MERCK,XC - HECA,XC - PHR
MOREPENLAB,XC - HECA,XC - PHR
NATCOPHARM,XC - HECA,XC - PHR
NATHBIOGEN,XC - HECA,XC - PHR
NECLIFE,XC - HECA,XC - PHR
NEULANDLAB,XC - HECA,XC - PHR
NGLFINE,XC - HECA,XC - PHR
NH,XC - HECA,XC - PHR
NOVARTIND,XC - HECA,XC - PHR
ORCHIDCHEM,XC - HECA,XC - PHR
ORCHIDPHAR,XC - HECA,XC - PHR
ORCHPHARMA,XC - HECA,XC - PHR
ORTINLAB,XC - HECA,XC - PHR
PANACEABIO,XC - HECA,XC - PHR
PDPL,XC - HECA,XC - PHR
PEL,XC - HECA,XC - PHR
PFIZER,XC - HECA,XC - PHR
PGHL,XC - HECA,XC - PHR
RANBAXY,XC - HECA,XC - PHR
RPGLIFE,XC - HECA,XC - PHR
SAKAR,XC - HECA,XC - PHR
SANOFI,XC - HECA,XC - PHR
SEQUENT,XC - HECA,XC - PHR
SHASUNPHAR,XC - HECA,XC - PHR
SHILPAMED,XC - HECA,XC - PHR
SIGACHI,XC - HECA,XC - PHR
SMSLIFE,XC - HECA,XC - PHR
SMSPHARMA,XC - HECA,XC - PHR
SOLARA,XC - HECA,XC - PHR
SPARC,XC - HECA,XC - PHR
STAR,XC - HECA,XC - PHR
SUNPHARMA,XC - HECA,XC - PHR
SUPRIYA,XC - HECA,XC - PHR
SUVEN,XC - HECA,XC - PHR
SUVENPHAR,XC - HECA,XC - PHR
SYNGENE,XC - HECA,XC - PHR
TAKE,XC - HECA,XC - PHR
THEMISMED,XC - HECA,XC - PHR
TORNTPHARM,XC - HECA,XC - PHR
TTKHLTCARE,XC - HECA,XC - PHR
UNICHEMLAB,XC - HECA,XC - PHR
VAISHALI,XC - HECA,XC - PHR
VENUSREM,XC - HECA,XC - PHR
VIMTALABS,XC - HECA,XC - PHR
VINEETLAB,XC - HECA,XC - PHR
WALPAR,XC - HECA,XC - PHR
WANBURY,XC - HECA,XC - PHR
WINDLAS,XC - HECA,XC - PHR
WOCKPHARMA,XC - HECA,XC - PHR
WYETH,XC - HECA,XC - PHR
ZOTA,XC - HECA,XC - PHR
ZYDUSLIFE,XC - HECA,XC - PHR
ALBK,XC - FNCL,XC - PSU
ANDHRABANK,XC - FNCL,XC - PSU
BANKBARODA,XC - FNCL,XC - PSU
BANKINDIA,XC - FNCL,XC - PSU
CANBK,XC - FNCL,XC - PSU
CENTRALBK,XC - FNCL,XC - PSU
CORPBANK,XC - FNCL,XC - PSU
DENABANK,XC - FNCL,XC - PSU
FINOPB,XC - FNCL,XC - PSU
IDBI,XC - FNCL,XC - PSU
INDBANK,XC - FNCL,XC - PSU
INDIANB,XC - FNCL,XC - PSU
IOB,XC - FNCL,XC - PSU
MAHABANK,XC - FNCL,XC - PSU
ORIENTBANK,XC - FNCL,XC - PSU
PNB,XC - FNCL,XC - PSU
PSB,XC - FNCL,XC - PSU
SBBJ,XC - FNCL,XC - PSU
SBIN,XC - FNCL,XC - PSU
SBT,XC - FNCL,XC - PSU
SYNDIBANK,XC - FNCL,XC - PSU
UCOBANK,XC - FNCL,XC - PSU
UNIONBANK,XC - FNCL,XC - PSU
VIJAYABANK,XC - FNCL,XC - PSU
ADANITRANS,XC - UTLT,XC - PTD
GEPIL,XC - UTLT,XC - PTD
INDOTECH,XC - UTLT,XC - PTD
JYOTISTRUC,XC - UTLT,XC - PTD
KALPATPOWR,XC - UTLT,XC - PTD
NAVA,XC - UTLT,XC - PTD
NTL,XC - UTLT,XC - PTD
PTC,XC - UTLT,XC - PTD
TARAPUR,XC - UTLT,XC - PTD
TRIL,XC - UTLT,XC - PTD
UJAAS,XC - UTLT,XC - PTD
AUBANK,XC - FNCL,XC - PVT
AXISBANK,XC - FNCL,XC - PVT
BANDHANBNK,XC - FNCL,XC - PVT
CSBBANK,XC - FNCL,XC - PVT
CUB,XC - FNCL,XC - PVT
DCB,XC - FNCL,XC - PVT
DCBBANK,XC - FNCL,XC - PVT
DHANBANK,XC - FNCL,XC - PVT
EQUITASBNK,XC - FNCL,XC - PVT
FEDERALBNK,XC - FNCL,XC - PVT
HDFCBANK,XC - FNCL,XC - PVT
ICICIBANK,XC - FNCL,XC - PVT
IDFCFIRSTB,XC - FNCL,XC - PVT
INDUSINDBK,XC - FNCL,XC - PVT
INGVYSYABK,XC - FNCL,XC - PVT
J&KBANK,XC - FNCL,XC - PVT
KARURVYSYA,XC - FNCL,XC - PVT
KOTAKBANK,XC - FNCL,XC - PVT
KTKBANK,XC - FNCL,XC - PVT
LAKSHVILAS,XC - FNCL,XC - PVT
RBLBANK,XC - FNCL,XC - PVT
SOUTHBANK,XC - FNCL,XC - PVT
SURYODAY,XC - FNCL,XC - PVT
UJJIVANSFB,XC - FNCL,XC - PVT
YESBANK,XC - FNCL,XC - PVT
BPCL,XC - ENRG,XC - REF
CASTROL,XC - ENRG,XC - REF
CASTROLIND,XC - ENRG,XC - REF
CHENNPETRO,XC - ENRG,XC - REF
ESSAROIL,XC - ENRG,XC - REF
GULFOILLUB,XC - ENRG,XC - REF
GULFPETRO,XC - ENRG,XC - REF
HINDPETRO,XC - ENRG,XC - REF
IOC,XC - ENRG,XC - REF
JIYAECO,XC - ENRG,XC - REF
MGL,XC - ENRG,XC - REF
MRPL,XC - ENRG,XC - REF
NAGAROIL,XC - ENRG,XC - REF
RELIANCE,XC - ENRG,XC - REF
SOTL,XC - ENRG,XC - REF
TIDEWATER,XC - ENRG,XC - REF
AJMERA,XC - RLES,XC - REM
ANANTRAJ,XC - RLES,XC - REM
ASHIANA,XC - RLES,XC - REM
BHAGYAPROP,XC - RLES,XC - REM
BRIGADE,XC - RLES,XC - REM
BSELINFRA,XC - RLES,XC - REM
CAPACITE,XC - RLES,XC - REM
CMMIPL,XC - RLES,XC - REM
COUNCODOS,XC - RLES,XC - REM
DBREALTY,XC - RLES,XC - REM
DHRUV,XC - RLES,XC - REM
DLF,XC - RLES,XC - REM
DRL,XC - RLES,XC - REM
ELDEHSG,XC - RLES,XC - REM
EMAMIREAL,XC - RLES,XC - REM
GANESHHOUC,XC - RLES,XC - REM
GEECEE,XC - RLES,XC - REM
GODREJPROP,XC - RLES,XC - REM
HDIL,XC - RLES,XC - REM
HEMIPROP,XC - RLES,XC - REM
HUBTOWN,XC - RLES,XC - REM
IBREALEST,XC - RLES,XC - REM
KBCGLOBAL,XC - RLES,XC - REM
KOLTEPATIL,XC - RLES,XC - REM
LODHA,XC - RLES,XC - REM
LPDC,XC - RLES,XC - REM
MAHLIFE,XC - RLES,XC - REM
MARATHON,XC - RLES,XC - REM
NILAINFRA,XC - RLES,XC - REM
NILASPACES,XC - RLES,XC - REM
OBEROIRLTY,XC - RLES,XC - REM
OMAXE,XC - RLES,XC - REM
PANSARI,XC - RLES,XC - REM
PARSVNATH,XC - RLES,XC - REM
PHOENIXLTD,XC - RLES,XC - REM
PODDARHOUS,XC - RLES,XC - REM
PRESTIGE,XC - RLES,XC - REM
PURVA,XC - RLES,XC - REM
RVHL,XC - RLES,XC - REM
SOBHA,XC - RLES,XC - REM
SUNTECK,XC - RLES,XC - REM
UNITECH,XC - RLES,XC - REM
YAARI,XC - RLES,XC - REM
BIRET,XC - RLES,XC - RET
MINDSPACE,XC - RLES,XC - RET
PGINVIT,XC - RLES,XC - RET
ABFRL,XC - CODI,XC - RTL
ARCHIES,XC - CODI,XC - RTL
ARVINDFASN,XC - CODI,XC - RTL
BANARBEADS,XC - CODI,XC - RTL
BATAINDIA,XC - CODI,XC - RTL
BCONCEPTS,XC - CODI,XC - RTL
CAMPUS,XC - CODI,XC - RTL
CANTABIL,XC - CODI,XC - RTL
CROMPTON,XC - CODI,XC - RTL
DMART,XC - CODI,XC - RTL
DOLLAR,XC - CODI,XC - RTL
ETHOSLTD,XC - CODI,XC - RTL
FEL,XC - CODI,XC - RTL
FLFL,XC - CODI,XC - RTL
FOCE,XC - CODI,XC - RTL
FRETAIL,XC - CODI,XC - RTL
FRL,XC - CODI,XC - RTL
GITANJALI,XC - CODI,XC - RTL
GOCOLORS,XC - CODI,XC - RTL
GOENKA,XC - CODI,XC - RTL
GOLDIAM,XC - CODI,XC - RTL
HEADSUP,XC - CODI,XC - RTL
ISFT,XC - CODI,XC - RTL
JUBLFOOD,XC - CODI,XC - RTL
KALYANKJIL,XC - CODI,XC - RTL
KDDL,XC - CODI,XC - RTL
KKCL,XC - CODI,XC - RTL
KOKUYOCMLN,XC - CODI,XC - RTL
LIBERTSHOE,XC - CODI,XC - RTL
LINC,XC - CODI,XC - RTL
MANYAVAR,XC - CODI,XC - RTL
METROBRAND,XC - CODI,XC - RTL
MILTON,XC - CODI,XC - RTL
MOKSH,XC - CODI,XC - RTL
OPAL,XC - CODI,XC - RTL
OSIAHYPER,XC - CODI,XC - RTL
PCJEWELLER,XC - CODI,XC - RTL
PENTAGOLD,XC - CODI,XC - RTL
PRAXIS,XC - CODI,XC - RTL
PROVOGE,XC - CODI,XC - RTL
RADHIKAJWE,XC - CODI,XC - RTL
RAJESHEXPO,XC - CODI,XC - RTL
RGL,XC - CODI,XC - RTL
SHANKARA,XC - CODI,XC - RTL
SHOPERSTOP,XC - CODI,XC - RTL
SHRENUJ,XC - CODI,XC - RTL
SHUBHLAXMI,XC - CODI,XC - RTL
SILGO,XC - CODI,XC - RTL
SONAHISONA,XC - CODI,XC - RTL
SONAMCLOCK,XC - CODI,XC - RTL
SPENCERS,XC - CODI,XC - RTL
SRSLTD,XC - CODI,XC - RTL
TBZ,XC - CODI,XC - RTL
THANGAMAYL,XC - CODI,XC - RTL
TRENT,XC - CODI,XC - RTL
V2RETAIL,XC - CODI,XC - RTL
VAIBHAVGBL,XC - CODI,XC - RTL
VENKEYS,XC - CODI,XC - RTL
VMART,XC - CODI,XC - RTL
ZODIACLOTH,XC - CODI,XC - RTL
ZODJRDMKJ,XC - CODI,XC - RTL
ANDHRSUGAR,XC - COST,XC - SGR
AVADHSUGAR,XC - COST,XC - SGR
BAJAJHIND,XC - COST,XC - SGR
BALRAMCHIN,XC - COST,XC - SGR
BANARISUG,XC - COST,XC - SGR
DALMIASUG,XC - COST,XC - SGR
DHAMPURSUG,XC - COST,XC - SGR
DHARSUGAR,XC - COST,XC - SGR
DWARKESH,XC - COST,XC - SGR
EIDPARRY,XC - COST,XC - SGR
KCPSUGIND,XC - COST,XC - SGR
KESARENT,XC - COST,XC - SGR
KMSUGAR,XC - COST,XC - SGR
KOTARISUG,XC - COST,XC - SGR
MAGADSUGAR,XC - COST,XC - SGR
MAWANASUG,XC - COST,XC - SGR
PONNIERODE,XC - COST,XC - SGR
RAJSREESUG,XC - COST,XC - SGR
RANASUG,XC - COST,XC - SGR
RENUKA,XC - COST,XC - SGR
SAKHTISUG,XC - COST,XC - SGR
SIMBHALS,XC - COST,XC - SGR
THIRUSUGAR,XC - COST,XC - SGR
UGARSUGAR,XC - COST,XC - SGR
UTTAMSUGAR,XC - COST,XC - SGR
VISHWARAJ,XC - COST,XC - SGR
ABGSHIP,XC - INDS,XC - SHP
ACCURACY,XC - INDS,XC - SHP
ADANIPORTS,XC - INDS,XC - SHP
COCHINSHIP,XC - INDS,XC - SHP
DREDGECORP,XC - INDS,XC - SHP
ESSARSHPNG,XC - INDS,XC - SHP
GESHIP,XC - INDS,XC - SHP
GLOBOFFS,XC - INDS,XC - SHP
GPPL,XC - INDS,XC - SHP
GRSE,XC - INDS,XC - SHP
MAZDOCK,XC - INDS,XC - SHP
MERCATOR,XC - INDS,XC - SHP
PIPAVAVDOC,XC - INDS,XC - SHP
RNAVAL,XC - INDS,XC - SHP
SCI,XC - INDS,XC - SHP
SEAMECLTD,XC - INDS,XC - SHP
SHREYAS,XC - INDS,XC - SHP
TOTAL,XC - INDS,XC - SHP
VARUNSHIP,XC - INDS,XC - SHP
ACCORD,XC - COSE,XC - TEL
BHARTIARTL,XC - COSE,XC - TEL
CORDSCABLE,XC - COSE,XC - TEL
DIGISPICE,XC - COSE,XC - TEL
DLINKINDIA,XC - COSE,XC - TEL
GTL,XC - COSE,XC - TEL
GTLINFRA,XC - COSE,XC - TEL
HFCL,XC - COSE,XC - TEL
IDEA,XC - COSE,XC - TEL
INDUSTOWER,XC - COSE,XC - TEL
INFRATEL,XC - COSE,XC - TEL
ITI,XC - COSE,XC - TEL
KAVVERITEL,XC - COSE,XC - TEL
MTNL,XC - COSE,XC - TEL
NUTEK,XC - COSE,XC - TEL
ONMOBILE,XC - COSE,XC - TEL
RAILTEL,XC - COSE,XC - TEL
RCOM,XC - COSE,XC - TEL
SHYAMTEL,XC - COSE,XC - TEL
STLTECH,XC - COSE,XC - TEL
STRTECH,XC - COSE,XC - TEL
SUJANATOW,XC - COSE,XC - TEL
TATACOMM,XC - COSE,XC - TEL
TEJASNET,XC - COSE,XC - TEL
TTML,XC - COSE,XC - TEL
TULIP,XC - COSE,XC - TEL
UNIINFO,XC - COSE,XC - TEL
VINDHYATEL,XC - COSE,XC - TEL
XLENERGY,XC - COSE,XC - TEL
AARVEEDEN,XC - CODI,XC - TXT
ABCOTS,XC - CODI,XC - TXT
AIFL,XC - CODI,XC - TXT
AKSHAR,XC - CODI,XC - TXT
ALOKINDS,XC - CODI,XC - TXT
ALOKTEXT,XC - CODI,XC - TXT
ALPSINDUS,XC - CODI,XC - TXT
AMBIKCO,XC - CODI,XC - TXT
ARTEDZ,XC - CODI,XC - TXT
ARVIND,XC - CODI,XC - TXT
ASHIMASYN,XC - CODI,XC - TXT
AXITA,XC - CODI,XC - TXT
AYMSYNTEX,XC - CODI,XC - TXT
BANG,XC - CODI,XC - TXT
BANSWRAS,XC - CODI,XC - TXT
BASML,XC - CODI,XC - TXT
BHANDARI,XC - CODI,XC - TXT
BLUEBLENDS,XC - CODI,XC - TXT
BOMDYEING,XC - CODI,XC - TXT
BRFL,XC - CODI,XC - TXT
BSL,XC - CODI,XC - TXT
CELEBRITY,XC - CODI,XC - TXT
CENTENKA,XC - CODI,XC - TXT
CENTURYTEX,XC - CODI,XC - TXT
CHEVIOT,XC - CODI,XC - TXT
CNOVAPETRO,XC - CODI,XC - TXT
DAMODARIND,XC - CODI,XC - TXT
DCM,XC - CODI,XC - TXT
DCMNVL,XC - CODI,XC - TXT
DIGJAMLMTD,XC - CODI,XC - TXT
DONEAR,XC - CODI,XC - TXT
EASTSILK,XC - CODI,XC - TXT
ESSENTIA,XC - CODI,XC - TXT
EUROTEXIND,XC - CODI,XC - TXT
FILATEX,XC - CODI,XC - TXT
FLEXITUFF,XC - CODI,XC - TXT
GANECOS,XC - CODI,XC - TXT
GANGOTRI,XC - CODI,XC - TXT
GARFIBRES,XC - CODI,XC - TXT
GBGLOBAL,XC - CODI,XC - TXT
GILLANDERS,XC - CODI,XC - TXT
GINNIFILA,XC - CODI,XC - TXT
GLOBE,XC - CODI,XC - TXT
GOKEX,XC - CODI,XC - TXT
GRETEX,XC - CODI,XC - TXT
GTNIND,XC - CODI,XC - TXT
GTNTEX,XC - CODI,XC - TXT
HIMATSEIDE,XC - CODI,XC - TXT
ICIL,XC - CODI,XC - TXT
INDIANCARD,XC - CODI,XC - TXT
INDORAMA,XC - CODI,XC - TXT
INDTERRAIN,XC - CODI,XC - TXT
IRISDOREME,XC - CODI,XC - TXT
JAIPURKURT,XC - CODI,XC - TXT
JAKHARIA,XC - CODI,XC - TXT
JBFIND,XC - CODI,XC - TXT
JETKNIT,XC - CODI,XC - TXT
JINDCOT,XC - CODI,XC - TXT
JINDWORLD,XC - CODI,XC - TXT
KCK,XC - CODI,XC - TXT
KITEX,XC - CODI,XC - TXT
KPRMILL,XC - CODI,XC - TXT
LAGNAM,XC - CODI,XC - TXT
LAMBODHARA,XC - CODI,XC - TXT
LAXMICOT,XC - CODI,XC - TXT
LEMERITE,XC - CODI,XC - TXT
LIBAS,XC - CODI,XC - TXT
LOVABLE,XC - CODI,XC - TXT
LUXIND,XC - CODI,XC - TXT
MALLCOM,XC - CODI,XC - TXT
MANDHANA,XC - CODI,XC - TXT
MARALOVER,XC - CODI,XC - TXT
MHHL,XC - CODI,XC - TXT
MITTAL,XC - CODI,XC - TXT
MOHITIND,XC - CODI,XC - TXT
MOHOTAIND,XC - CODI,XC - TXT
MONTECARLO,XC - CODI,XC - TXT
MORARJEE,XC - CODI,XC - TXT
NAGREEKEXP,XC - CODI,XC - TXT
NAHARINDUS,XC - CODI,XC - TXT
NAHARPOLY,XC - CODI,XC - TXT
NAHARSPING,XC - CODI,XC - TXT
NDL,XC - CODI,XC - TXT
NEH,XC - CODI,XC - TXT
NITINSPIN,XC - CODI,XC - TXT
ORBTEXP,XC - CODI,XC - TXT
PAGEIND,XC - CODI,XC - TXT
PASHUPATI,XC - CODI,XC - TXT
PATSPINLTD,XC - CODI,XC - TXT
PDSL,XC - CODI,XC - TXT
PGIL,XC - CODI,XC - TXT
PIONEEREMB,XC - CODI,XC - TXT
PRECOT,XC - CODI,XC - TXT
RAJVIR,XC - CODI,XC - TXT
RAYMOND,XC - CODI,XC - TXT
RELCHEMQ,XC - CODI,XC - TXT
RSWM,XC - CODI,XC - TXT
RUBYMILLS,XC - CODI,XC - TXT
RUPA,XC - CODI,XC - TXT
SALONA,XC - CODI,XC - TXT
SANGAMIND,XC - CODI,XC - TXT
SARLAPOLY,XC - CODI,XC - TXT
SBC,XC - CODI,XC - TXT
SELMC,XC - CODI,XC - TXT
SGL,XC - CODI,XC - TXT
SHIVATEX,XC - CODI,XC - TXT
SIIL,XC - CODI,XC - TXT
SINTEX,XC - CODI,XC - TXT
SIYSIL,XC - CODI,XC - TXT
SKSTEXTILE,XC - CODI,XC - TXT
SKUMARSYNF,XC - CODI,XC - TXT
SOMATEX,XC - CODI,XC - TXT
SORILINFRA,XC - CODI,XC - TXT
SPAL,XC - CODI,XC - TXT
SPENTEX,XC - CODI,XC - TXT
SPLIL,XC - CODI,XC - TXT
SPYL,XC - CODI,XC - TXT
SRF,XC - CODI,XC - TXT
SUMEETINDS,XC - CODI,XC - TXT
SUPERHOUSE,XC - CODI,XC - TXT
SUPERSPIN,XC - CODI,XC - TXT
SURYALAXMI,XC - CODI,XC - TXT
SUTLEJTEX,XC - CODI,XC - TXT
SUULD,XC - CODI,XC - TXT
SVPGLOB,XC - CODI,XC - TXT
SWANENERGY,XC - CODI,XC - TXT
SWARAJ,XC - CODI,XC - TXT
TCNSBRANDS,XC - CODI,XC - TXT
THOMASCOTT,XC - CODI,XC - TXT
TRIDENT,XC - CODI,XC - TXT
TTL,XC - CODI,XC - TXT
UNITEDPOLY,XC - CODI,XC - TXT
VARDHACRLC,XC - CODI,XC - TXT
VARDMNPOLY,XC - CODI,XC - TXT
VCL,XC - CODI,XC - TXT
VERA,XC - CODI,XC - TXT
VINNY,XC - CODI,XC - TXT
VIPCLOTHNG,XC - CODI,XC - TXT
VISHAL,XC - CODI,XC - TXT
VIVIDHA,XC - CODI,XC - TXT
VTL,XC - CODI,XC - TXT
WEIZMANIND,XC - CODI,XC - TXT
WELSPUNIND,XC - CODI,XC - TXT
ZENITHEXPO,XC - CODI,XC - TXT