,Ticker,Sector,Industry,Market Cap,Company Name
0,360ONE,Financial Services,Finance,182.99,360 ONE WAM LIMITED
1,3MINDIA,Diversified,Diversified,312.39,3M India Limited
2,ABB,Industrials,Electrical Equipment,932.42,ABB India Limited
3,ACC,Commodities,Cement & Cement Products,364.4,ACC Limited
4,AIAENG,Industrials,Industrial Products,329.9,AIA Engineering Limited
5,AUBANK,Financial Services,Banks,486.39,AU Small Finance Bank Limited
6,APLAPOLLO,Industrials,Industrial Products,417.54,APL Apollo Tubes Limited
7,AARTIDRUGS,Healthcare,Pharmaceuticals & Biotechnology,54.63,Aarti Drugs Limited
8,ABBOTINDIA,Healthcare,Pharmaceuticals & Biotechnology,324.18,Abbott India Limited
9,AARTIIND,Commodities,Chemicals & Petrochemicals,166.84,Aarti Industries Limited
10,AAVAS,Financial Services,Finance,125.58,Aavas Financiers Limited
11,ADANIENT,Commodities,Metals & Minerals Trading,2768.38,Adani Enterprises Limited
12,ADANIPOWER,Utilities,Power,975.81,Adani Power Limited
13,ATGL,Energy,Gas,719.77,Adani Total Gas Limited
14,ADANIGREEN,Utilities,Power,1772.85,Adani Green Energy Limited
15,ADANIPORTS,Services,Transport Infrastructure,1617.4,Adani Ports and Special Economic Zone Limited
16,ADANITRANS,Utilities,Power,897.97,Adani Transmission Limited
17,ABFRL,Consumer Discretionary,Retailing,206.28,Aditya Birla Fashion and Retail Limited
18,AWL,Fast Moving Consumer Goods,Agricultural Food & other Products,529.62,Adani Wilmar Limited
19,ABCAPITAL,Financial Services,Finance,497.43,Aditya Birla Capital Limited
20,AFFLE,Information Technology,IT - Services,142.07,Affle (India) Limited
21,AETHER,Commodities,Chemicals & Petrochemicals,136.71,Aether Industries Limited
22,AJANTPHARM,Healthcare,Pharmaceuticals & Biotechnology,195.49,Ajanta Pharma Limited
23,AEGISCHEM,Energy,Gas,129.31,Aegis Logistics Limited
24,APLLTD,Healthcare,Pharmaceuticals & Biotechnology,143.98,Alembic Pharmaceuticals Limited
25,ALKEM,Healthcare,Pharmaceuticals & Biotechnology,481.65,Alkem Laboratories Limited
26,ALKYLAMINE,Commodities,Chemicals & Petrochemicals,123.85,Alkyl Amines Chemicals Limited
27,AMARAJABAT,Consumer Discretionary,Auto Components,107.94,Amara Raja Batteries Limited
28,AMBUJACEM,Commodities,Cement & Cement Products,893.04,Ambuja Cements Limited
29,ANGELONE,Financial Services,Capital Markets,133.34,Angel One Limited
30,ANURAS,Commodities,Chemicals & Petrochemicals,104.65,Anupam Rasayan India Limited
31,AMBER,Consumer Discretionary,Consumer Durables,82.61,Amber Enterprises India Limited
32,APARINDS,Industrials,Electrical Equipment,142.62,Apar Industries Limited
33,APOLLOHOSP,Healthcare,Healthcare Services,749.91,Apollo Hospitals Enterprise Limited
34,APOLLOTYRE,Consumer Discretionary,Auto Components,266.58,Apollo Tyres Limited
35,APTUS,Financial Services,Finance,135.89,Aptus Value Housing Finance India Limited
36,ACI,Commodities,Chemicals & Petrochemicals,64.26,Archean Chemical Industries Limited
37,ASHOKLEY,Industrials,Agricultural Commercial & Construction Vehicles,534.08,Ashok Leyland Limited
38,ASAHIINDIA,Consumer Discretionary,Auto Components,134.79,Asahi India Glass Limited
39,ASTERDM,Healthcare,Healthcare Services,153.4,Aster DM Healthcare Limited
40,ASTRAL,Industrials,Industrial Products,510.58,Astral Limited
41,ASIANPAINT,Consumer Discretionary,Consumer Durables,3231.92,Asian Paints Limited
42,ATUL,Commodities,Chemicals & Petrochemicals,192.14,Atul Limited
43,DMART,Consumer Discretionary,Retailing,2403.38,Avenue Supermarts Limited
44,AVANTIFEED,Fast Moving Consumer Goods,Food Products,54.47,Avanti Feeds Limited
45,AUROPHARMA,Healthcare,Pharmaceuticals & Biotechnology,489.58,Aurobindo Pharma Limited
46,AXISBANK,Financial Services,Banks,2956.63,Axis Bank Limited
47,BASF,Commodities,Chemicals & Petrochemicals,115.89,BASF India Limited
48,BEML,Industrials,Agricultural Commercial & Construction Vehicles,75.12,BEML Limited
49,BLS,Consumer Discretionary,Leisure Services,88.1,BLS International Services Limited
50,BSE,Financial Services,Capital Markets,105.61,BSE Limited
51,BAJAJ-AUTO,Consumer Discretionary,Automobiles,1372.63,Bajaj Auto Limited
52,BAJFINANCE,Financial Services,Finance,4413.57,Bajaj Finance Limited
53,BAJAJFINSV,Financial Services,Finance,2571.68,Bajaj Finserv Limited
54,BAJAJHLDNG,Financial Services,Finance,840.32,Bajaj Holdings & Investment Limited
55,BALAMINES,Commodities,Chemicals & Petrochemicals,70.37,Balaji Amines Limited
56,BALKRISIND,Consumer Discretionary,Auto Components,478.08,Balkrishna Industries Limited
57,BALRAMCHIN,Fast Moving Consumer Goods,Agricultural Food & other Products,79.8,Balrampur Chini Mills Limited
58,BANDHANBNK,Financial Services,Banks,348.83,Bandhan Bank Limited
59,BANKBARODA,Financial Services,Banks,1030.39,Bank of Baroda
60,BANKINDIA,Financial Services,Banks,347.78,Bank of India
61,BATAINDIA,Consumer Discretionary,Consumer Durables,218.9,Bata India Limited
62,MAHABANK,Financial Services,Banks,241.47,Bank of Maharashtra
63,BAYERCROP,Commodities,Fertilizers & Agrochemicals,220.53,Bayer Cropscience Limited
64,BERGEPAINT,Consumer Discretionary,Consumer Durables,654.79,Berger Paints (I) Limited
65,BHARATFORG,Industrials,Industrial Products,417.96,Bharat Forge Limited
66,BEL,Industrials,Aerospace & Defense,930.17,Bharat Electronics Limited
67,BDL,Industrials,Aerospace & Defense,220.32,Bharat Dynamics Limited
68,BHEL,Industrials,Electrical Equipment,360.39,Bharat Heavy Electricals Limited
69,BIKAJI,Fast Moving Consumer Goods,Food Products,117.84,Bikaji Foods International Limited
70,BHARTIARTL,Telecommunication,Telecom - Services,5006.21,Bharti Airtel Limited
71,BPCL,Energy,Petroleum Products,822.69,Bharat Petroleum Corporation Limited
72,BIOCON,Healthcare,Pharmaceuticals & Biotechnology,307.47,Biocon Limited
73,BSOFT,Information Technology,IT - Software,110.76,BIRLASOFT LIMITED
74,BIRLACORPN,Commodities,Cement & Cement Products,92.02,Birla Corporation Limited
75,BLUEDART,Services,Transport Services,171.53,Blue Dart Express Limited
76,BBTC,Fast Moving Consumer Goods,Food Products,78.26,Bombay Burmah Trading Corporation Limited
77,BORORENEW,Industrials,Industrial Products,63.82,BOROSIL RENEWABLES LIMITED
78,BLUESTARCO,Consumer Discretionary,Consumer Durables,147.84,Blue Star Limited
79,BOSCHLTD,Consumer Discretionary,Auto Components,557.02,Bosch Limited
80,BRIGADE,Consumer Discretionary,Realty,133.54,Brigade Enterprises Limited
81,BCG,Information Technology,IT - Services,47.62,Brightcom Group Limited
82,BRITANNIA,Fast Moving Consumer Goods,Food Products,1173.85,Britannia Industries Limited
83,MAPMYINDIA,Information Technology,IT - Software,80.28,C.E. Info Systems Limited
84,CCL,Fast Moving Consumer Goods,Agricultural Food & other Products,82.15,CCL Products (India) Limited
85,CESC,Utilities,Power,101.21,CESC Limited
86,CGPOWER,Industrials,Electrical Equipment,606.01,CG Power and Industrial Solutions Limited
87,CIEINDIA,Consumer Discretionary,Auto Components,180.41,CIE Automotive India Limited
88,CAMPUS,Consumer Discretionary,Consumer Durables,91.05,Campus Activewear Limited
89,CSBBANK,Financial Services,Banks,51.86,CSB Bank Limited
90,CRISIL,Financial Services,Finance,282.41,CRISIL Limited
91,CANFINHOME,Financial Services,Finance,99.25,Can Fin Homes Limited
92,CGCL,Financial Services,Finance,163.77,Capri Global Capital Limited
93,CANBK,Financial Services,Banks,625.51,Canara Bank
94,CARBORUNIV,Industrials,Industrial Products,229.63,Carborundum Universal Limited
95,CASTROLIND,Energy,Petroleum Products,143.92,Castrol India Limited
96,CENTRALBK,Financial Services,Banks,264.33,Central Bank of India
97,CEATLTD,Consumer Discretionary,Auto Components,99.82,CEAT Limited
98,CDSL,Financial Services,Capital Markets,128.02,Central Depository Services (India) Limited
99,CENTURYTEX,Commodities,Paper Forest & Jute Products,112.7,Century Textiles & Industries Limited
100,CERA,Consumer Discretionary,Consumer Durables,100.75,Cera Sanitaryware Limited
101,CENTURYPLY,Consumer Discretionary,Consumer Durables,148.68,Century Plyboards (India) Limited
102,CHALET,Consumer Discretionary,Leisure Services,100.21,Chalet Hotels Limited
103,CHEMPLASTS,Commodities,Chemicals & Petrochemicals,69.69,Chemplast Sanmar Limited
104,CHOLAHLDNG,Financial Services,Finance,173.51,Cholamandalam Financial Holdings Limited
105,CHAMBLFERT,Commodities,Fertilizers & Agrochemicals,113.6,Chambal Fertilizers & Chemicals Limited
106,CHOLAFIN,Financial Services,Finance,934.1,Cholamandalam Investment and Finance Company Limited
107,CUB,Financial Services,Banks,99.36,City Union Bank Limited
108,CIPLA,Healthcare,Pharmaceuticals & Biotechnology,945.64,Cipla Limited
109,CLEAN,Commodities,Chemicals & Petrochemicals,137.36,Clean Science and Technology Limited
110,COALINDIA,Energy,Consumable Fuels,1411.57,Coal India Limited
111,COFORGE,Information Technology,IT - Software,286.71,Coforge Limited
112,COLPAL,Fast Moving Consumer Goods,Personal Products,544.49,Colgate Palmolive (India) Limited
113,COCHINSHIP,Industrials,Industrial Manufacturing,88.26,Cochin Shipyard Limited
114,CAMS,Financial Services,Capital Markets,114.51,Computer Age Management Services Limited
115,CONCOR,Services,Transport Services,411.3,Container Corporation of India Limited
116,COROMANDEL,Commodities,Fertilizers & Agrochemicals,295.38,Coromandel International Limited
117,CREDITACC,Financial Services,Finance,217.94,CREDITACCESS GRAMEEN LIMITED
118,CRAFTSMAN,Consumer Discretionary,Auto Components,100.29,Craftsman Automation Limited
119,CROMPTON,Consumer Discretionary,Consumer Durables,184.61,Crompton Greaves Consumer Electricals Limited
120,CUMMINSIND,Industrials,Industrial Products,533.0,Cummins India Limited
121,CYIENT,Information Technology,IT - Services,158.57,Cyient Limited
122,DCMSHRIRAM,Diversified,Diversified,131.65,DCM Shriram Limited
123,DLF,Consumer Discretionary,Realty,1264.39,DLF Limited
124,DABUR,Fast Moving Consumer Goods,Personal Products,1016.79,Dabur India Limited
125,DALBHARAT,Commodities,Cement & Cement Products,364.0,Dalmia Bharat Limited
126,DATAPATTNS,Industrials,Aerospace & Defense,111.0,Data Patterns (India) Limited
127,DEEPAKFERT,Commodities,Chemicals & Petrochemicals,68.24,Deepak Fertilizers And Petrochemicals Corporation Limited
128,DELHIVERY,Services,Transport Services,294.71,Delhivery Limited
129,DELTACORP,Consumer Discretionary,Leisure Services,52.56,Delta Corp Limited
130,DEVYANI,Consumer Discretionary,Leisure Services,233.93,Devyani International Limited
131,DEEPAKNTR,Commodities,Chemicals & Petrochemicals,269.73,Deepak Nitrite Limited
132,DIVISLAB,Healthcare,Pharmaceuticals & Biotechnology,993.36,Divi's Laboratories Limited
133,LALPATHLAB,Healthcare,Healthcare Services,207.03,Dr. Lal Path Labs Ltd.
134,DIXON,Consumer Discretionary,Consumer Durables,241.25,Dixon Technologies (India) Limited
135,DRREDDY,Healthcare,Pharmaceuticals & Biotechnology,917.22,Dr. Reddy's Laboratories Limited
136,EIDPARRY,Commodities,Fertilizers & Agrochemicals,88.47,EID Parry India Limited
137,EIHOTEL,Consumer Discretionary,Leisure Services,132.39,EIH Limited
138,EPL,Industrials,Industrial Products,73.36,EPL Limited
139,EASEMYTRIP,Consumer Discretionary,Leisure Services,71.27,Easy Trip Planners Limited
140,EMAMILTD,Fast Moving Consumer Goods,Personal Products,196.4,Emami Limited
141,ELGIEQUIP,Industrials,Industrial Products,173.54,Elgi Equipments Limited
142,EICHERMOT,Consumer Discretionary,Automobiles,910.71,Eicher Motors Limited
143,ENDURANCE,Consumer Discretionary,Auto Components,230.88,Endurance Technologies Limited
144,EQUITASBNK,Financial Services,Banks,110.68,Equitas Small Finance Bank Limited
145,ESCORTS,Industrials,Agricultural Commercial & Construction Vehicles,323.17,Escorts Kubota Limited
146,ERIS,Healthcare,Pharmaceuticals & Biotechnology,105.81,Eris Lifesciences Limited
147,ENGINERSIN,Industrials,Construction,83.6,Engineers India Limited
148,EXIDEIND,Consumer Discretionary,Auto Components,217.39,Exide Industries Limited
149,FDC,Healthcare,Pharmaceuticals & Biotechnology,56.09,FDC Limited
150,NYKAA,Consumer Discretionary,Retailing,414.54,FSN E-Commerce Ventures Limited
151,FEDERALBNK,Financial Services,Banks,314.61,The Federal Bank  Limited
152,FACT,Commodities,Fertilizers & Agrochemicals,309.59,Fertilizers and Chemicals Travancore Limited
153,FINCABLES,Industrials,Industrial Products,153.27,Finolex Cables Limited
154,FINPIPE,Industrials,Industrial Products,123.57,Finolex Industries Limited
155,FINEORG,Commodities,Chemicals & Petrochemicals,136.8,Fine Organic Industries Limited
156,FSL,Services,Commercial Services & Supplies,95.7,Firstsource Solutions Limited
157,FIVESTAR,Financial Services,Finance,210.17,Five-Star Business Finance Limited
158,FORTIS,Healthcare,Healthcare Services,254.23,Fortis Healthcare Limited
159,GRINFRA,Industrials,Construction,126.3,G R Infraprojects Limited
160,GMMPFAUDLR,Industrials,Industrial Manufacturing,66.14,GMM Pfaudler Limited
161,GAIL,Energy,Gas,766.66,GAIL (India) Limited
162,GMRINFRA,Services,Transport Infrastructure,296.97,GMR Airports Infrastructure Limited
163,GARFIBRES,Consumer Discretionary,Textiles & Apparels,62.15,Garware Technical Fibres Limited
164,GALAXYSURF,Commodities,Chemicals & Petrochemicals,92.79,Galaxy Surfactants Limited
165,GICRE,Financial Services,Insurance,352.11,General Insurance Corporation of India
166,GLAND,Healthcare,Pharmaceuticals & Biotechnology,208.61,Gland Pharma Limited
167,GLAXO,Healthcare,Pharmaceuticals & Biotechnology,237.22,GlaxoSmithKline Pharmaceuticals Limited
168,MEDANTA,Healthcare,Healthcare Services,190.94,Global Health Limited
169,GLENMARK,Healthcare,Pharmaceuticals & Biotechnology,232.04,Glenmark Pharmaceuticals Limited
170,GOCOLORS,Consumer Discretionary,Retailing,63.2,Go Fashion (India) Limited
171,GODREJCP,Fast Moving Consumer Goods,Personal Products,1053.33,Godrej Consumer Products Limited
172,GODREJAGRO,Fast Moving Consumer Goods,Food Products,94.63,Godrej Agrovet Limited
173,GODFRYPHLP,Fast Moving Consumer Goods,Cigarettes & Tobacco Products,99.21,Godfrey Phillips India Limited
174,GODREJPROP,Consumer Discretionary,Realty,474.61,Godrej Properties Limited
175,GODREJIND,Diversified,Diversified,160.16,Godrej Industries Limited
176,GRANULES,Healthcare,Pharmaceuticals & Biotechnology,77.85,Granules India Limited
177,GRAPHITE,Industrials,Industrial Products,80.47,Graphite India Limited
178,GESHIP,Services,Transport Services,108.82,The Great Eastern Shipping Company Limited
179,GRASIM,Commodities,Cement & Cement Products,1199.99,Grasim Industries Limited
180,GREENPANEL,Consumer Discretionary,Consumer Durables,43.34,Greenpanel Industries Limited
181,GRINDWELL,Industrials,Industrial Products,239.17,Grindwell Norton Limited
182,GUJALKALI,Commodities,Chemicals & Petrochemicals,47.96,Gujarat Alkalies and Chemicals Limited
183,GAEL,Fast Moving Consumer Goods,Agricultural Food & other Products,58.96,Gujarat Ambuja Exports Limited
184,GUJGASLTD,Energy,Gas,324.13,Gujarat Gas Limited
185,FLUOROCHEM,Commodities,Chemicals & Petrochemicals,296.48,Gujarat Fluorochemicals Limited
186,GNFC,Commodities,Chemicals & Petrochemicals,90.85,Gujarat Narmada Valley Fertilizers and Chemicals Limited
187,GPPL,Services,Transport Infrastructure,57.48,Gujarat Pipavav Port Limited
188,GSPL,Energy,Gas,160.66,Gujarat State Petronet Limited
189,GSFC,Commodities,Fertilizers & Agrochemicals,66.86,Gujarat State Fertilizers & Chemicals Limited
190,HCLTECH,Information Technology,IT - Software,3032.11,HCL Technologies Limited
191,HEG,Industrials,Industrial Products,64.83,HEG Limited
192,HDFCAMC,Financial Services,Capital Markets,522.29,HDFC Asset Management Company Limited
193,HDFCBANK,Financial Services,Banks,12617.01,HDFC Bank Limited
194,HDFCLIFE,Financial Services,Insurance,1424.06,HDFC Life Insurance Company Limited
195,HFCL,Telecommunication,Telecom - Services,87.76,HFCL Limited
196,HLEGLAS,Industrials,Industrial Manufacturing,42.34,HLE Glascoat Limited
197,HAPPSTMNDS,Information Technology,IT - Software,141.07,Happiest Minds Technologies Limited
198,HAVELLS,Consumer Discretionary,Consumer Durables,823.92,Havells India Limited
199,HEROMOTOCO,Consumer Discretionary,Automobiles,626.89,Hero MotoCorp Limited
200,HGS,Services,Commercial Services & Supplies,49.03,Hinduja Global Solutions Limited
201,HINDALCO,Commodities,Non - Ferrous Metals,1014.38,Hindalco Industries Limited
202,HIKAL,Healthcare,Pharmaceuticals & Biotechnology,35.1,Hikal Limited
203,HAL,Industrials,Aerospace & Defense,1288.38,Hindustan Aeronautics Limited
204,HINDPETRO,Energy,Petroleum Products,412.37,Hindustan Petroleum Corporation Limited
205,HINDCOPPER,Commodities,Non - Ferrous Metals,123.54,Hindustan Copper Limited
206,HINDUNILVR,Fast Moving Consumer Goods,Diversified FMCG,6038.1,Hindustan Unilever Limited
207,HINDZINC,Commodities,Non - Ferrous Metals,1353.79,Hindustan Zinc Limited
208,POWERINDIA,Industrials,Electrical Equipment,171.93,Hitachi Energy India Limited
209,HOMEFIRST,Financial Services,Finance,76.54,Home First Finance Company India Limited
210,HONAUT,Industrials,Industrial Manufacturing,371.66,Honeywell Automation India Limited
211,HUDCO,Financial Services,Finance,126.82,Housing & Urban Development Corporation Limited
212,ICICIBANK,Financial Services,Banks,6929.27,ICICI Bank Limited
213,ICICIPRULI,Financial Services,Insurance,823.48,ICICI Prudential Life Insurance Company Limited
214,IDBI,Financial Services,Banks,621.49,IDBI Bank Limited
215,ICICIGI,Financial Services,Insurance,666.9,ICICI Lombard General Insurance Company Limited
216,ISEC,Financial Services,Capital Markets,206.74,ICICI Securities Limited
217,IDFCFIRSTB,Financial Services,Banks,547.16,IDFC First Bank Limited
218,IDFC,Financial Services,Finance,181.68,IDFC Limited
219,IFBIND,Consumer Discretionary,Consumer Durables,34.5,IFB Industries Limited
220,IIFL,Financial Services,Finance,221.89,IIFL Finance Limited
221,ITC,Fast Moving Consumer Goods,Diversified FMCG,5793.72,ITC Limited
222,IRB,Industrials,Construction,153.39,IRB Infrastructure Developers Limited
223,ITI,Telecommunication,Telecom - Equipment & Accessories,108.44,ITI Limited
224,INDIACEM,Commodities,Cement & Cement Products,65.64,The India Cements Limited
225,IBULHSGFIN,Financial Services,Finance,60.18,Indiabulls Housing Finance Limited
226,IBREALEST,Consumer Discretionary,Realty,36.56,Indiabulls Real Estate Limited
227,IEX,Financial Services,Capital Markets,106.96,Indian Energy Exchange Limited
228,INDIANB,Financial Services,Banks,409.13,Indian Bank
229,INDHOTEL,Consumer Discretionary,Leisure Services,546.78,The Indian Hotels Company Limited
230,INDIAMART,Consumer Discretionary,Retailing,183.74,Indiamart Intermesh Limited
231,IOC,Energy,Petroleum Products,1392.35,Indian Oil Corporation Limited
232,IOB,Financial Services,Banks,499.02,Indian Overseas Bank
233,IRCTC,Consumer Discretionary,Leisure Services,495.6,Indian Railway Catering And Tourism Corporation Limited
234,IRFC,Financial Services,Finance,455.44,Indian Railway Finance Corporation Limited
235,INDIGOPNTS,Consumer Discretionary,Consumer Durables,73.03,Indigo Paints Limited
236,IGL,Energy,Gas,322.04,Indraprastha Gas Limited
237,INDUSTOWER,Telecommunication,Telecom - Services,474.31,Indus Towers Limited
238,INFIBEAM,Financial Services,Financial Technology (Fintech),39.63,Infibeam Avenues Limited
239,INDUSINDBK,Financial Services,Banks,1098.54,IndusInd Bank Limited
240,NAUKRI,Consumer Discretionary,Retailing,590.47,Info Edge (India) Limited
241,INFY,Information Technology,IT - Software,5615.83,Infosys Limited
242,INGERRAND,Industrials,Industrial Products,91.56,Ingersoll Rand (India) Limited
243,INTELLECT,Information Technology,IT - Software,78.67,Intellect Design Arena Limited
244,IPCALAB,Healthcare,Pharmaceuticals & Biotechnology,209.75,IPCA Laboratories Limited
245,INDIGO,Services,Transport Services,983.09,InterGlobe Aviation Limited
246,JBCHEPHARM,Healthcare,Pharmaceuticals & Biotechnology,187.64,JB Chemicals & Pharmaceuticals Limited
247,JKCEMENT,Commodities,Cement & Cement Products,247.13,JK Cement Limited
248,JKLAKSHMI,Commodities,Cement & Cement Products,78.72,JK Lakshmi Cement Limited
249,JBMA,Consumer Discretionary,Auto Components,168.98,JBM Auto Limited
250,JKPAPER,Commodities,Paper Forest & Jute Products,54.72,JK Paper Limited
251,JMFINANCIL,Financial Services,Finance,70.62,JM Financial Limited
252,JSWENERGY,Utilities,Power,475.97,JSW Energy Limited
253,JSWSTEEL,Commodities,Ferrous Metals,1918.67,JSW Steel Limited
254,JSL,Commodities,Ferrous Metals,313.81,Jindal Stainless Limited
255,JAMNAAUTO,Consumer Discretionary,Auto Components,43.43,Jamna Auto Industries Limited
256,JUBLFOOD,Consumer Discretionary,Leisure Services,310.66,Jubilant Foodworks Limited
257,JINDALSTEL,Commodities,Ferrous Metals,673.05,Jindal Steel & Power Limited
258,JUBLINGREA,Commodities,Chemicals & Petrochemicals,67.41,Jubilant Ingrevia Limited
259,JINDWORLD,Consumer Discretionary,Textiles & Apparels,62.25,Jindal Worldwide Limited
260,JUSTDIAL,Consumer Discretionary,Retailing,66.14,Just Dial Limited
261,JUBLPHARMA,Healthcare,Pharmaceuticals & Biotechnology,58.34,Jubilant Pharmova Limited
262,KPRMILL,Consumer Discretionary,Textiles & Apparels,213.67,K.P.R. Mill Limited
263,JYOTHYLAB,Fast Moving Consumer Goods,Household Products,112.2,Jyothy Labs Limited
264,KNRCON,Industrials,Construction,68.79,KNR Constructions Limited
265,KEI,Industrials,Industrial Products,225.26,KEI Industries Limited
266,KPITTECH,Information Technology,IT - Software,297.4,KPIT Technologies Limited
267,KRBL,Fast Moving Consumer Goods,Agricultural Food & other Products,88.17,KRBL Limited
268,KSB,Industrials,Industrial Products,77.16,Ksb Limited
269,KAJARIACER,Consumer Discretionary,Consumer Durables,215.89,Kajaria Ceramics Limited
270,KALYANKJIL,Consumer Discretionary,Consumer Durables,180.98,Kalyan Jewellers India Limited
271,KANSAINER,Consumer Discretionary,Consumer Durables,263.13,Kansai Nerolac Paints Limited
272,KPIL,Industrials,Construction,101.01,Kalpataru Projects International Limited
273,KARURVYSYA,Financial Services,Banks,100.28,Karur Vysya Bank Limited
274,KEC,Industrials,Electrical Equipment,166.43,KEC International Limited
275,KENNAMET,Industrials,Industrial Manufacturing,58.42,Kennametal India Limited
276,RUSTOMJEE,Consumer Discretionary,Realty,65.02,Keystone Realtors Limited
277,KFINTECH,Financial Services,Capital Markets,67.09,Kfin Technologies Limited
278,L&TFH,Financial Services,Finance,325.03,L&T Finance Holdings Limited
279,KOTAKBANK,Financial Services,Banks,3723.54,Kotak Mahindra Bank Limited
280,KIMS,Healthcare,Healthcare Services,153.01,Krishna Institute of Medical Sciences Limited
281,LTTS,Information Technology,IT - Services,416.22,L&T Technology Services Limited
282,LICHSGFIN,Financial Services,Finance,218.49,LIC Housing Finance Limited
283,LAXMIMACH,Industrials,Industrial Manufacturing,147.33,Lakshmi Machine Works Limited
284,LTIM,Information Technology,IT - Software,1438.78,LTIMindtree Limited
285,LT,Industrials,Construction,3739.1,Larsen & Toubro Limited
286,LEMONTREE,Consumer Discretionary,Leisure Services,72.49,Lemon Tree Hotels Limited
287,LATENTVIEW,Information Technology,IT - Software,74.95,Latent View Analytics Limited
288,LICI,Financial Services,Insurance,3986.33,Life Insurance Corporation Of India
289,LINDEINDIA,Commodities,Chemicals & Petrochemicals,401.71,Linde India Limited
290,LUPIN,Healthcare,Pharmaceuticals & Biotechnology,445.86,Lupin Limited
291,LUXIND,Consumer Discretionary,Textiles & Apparels,48.46,Lux Industries Limited
292,LAURUSLABS,Healthcare,Pharmaceuticals & Biotechnology,185.24,Laurus Labs Limited
293,LXCHEM,Commodities,Chemicals & Petrochemicals,67.22,Laxmi Organic Industries Limited
294,MMTC,Services,Commercial Services & Supplies,53.77,MMTC Limited
295,MRF,Consumer Discretionary,Auto Components,434.31,MRF Limited
296,LODHA,Consumer Discretionary,Realty,701.18,Macrotech Developers Limited
297,MTARTECH,Industrials,Aerospace & Defense,63.69,Mtar Technologies Limited
298,M&M,Consumer Discretionary,Automobiles,1799.88,Mahindra & Mahindra Limited
299,MGL,Energy,Gas,107.66,Mahanagar Gas Limited
300,M&MFIN,Financial Services,Finance,385.42,Mahindra & Mahindra Financial Services Limited
301,MHRIL,Consumer Discretionary,Leisure Services,69.59,Mahindra Holidays & Resorts India Limited
302,MAHLIFE,Consumer Discretionary,Realty,75.81,Mahindra Lifespace Developers Limited
303,MAHLOG,Services,Transport Services,26.6,Mahindra Logistics Limited
304,MANAPPURAM,Financial Services,Finance,117.69,Manappuram Finance Limited
305,MRPL,Energy,Petroleum Products,144.33,Mangalore Refinery and Petrochemicals Limited
306,MANKIND,Healthcare,Pharmaceuticals & Biotechnology,741.61,Mankind Pharma Limited
307,MARICO,Fast Moving Consumer Goods,Agricultural Food & other Products,716.48,Marico Limited
308,MARUTI,Consumer Discretionary,Automobiles,2946.37,Maruti Suzuki India Limited
309,MASTEK,Information Technology,IT - Software,64.51,Mastek Limited
310,MFSL,Financial Services,Insurance,280.2,Max Financial Services Limited
311,MAXHEALTH,Healthcare,Healthcare Services,585.72,Max Healthcare Institute Limited
312,METROBRAND,Consumer Discretionary,Consumer Durables,290.34,Metro Brands Limited
313,MEDPLUS,Consumer Discretionary,Retailing,112.09,Medplus Health Services Limited
314,MFL,Commodities,Chemicals & Petrochemicals,37.79,Meghmani Finechem Limited
315,MAZDOCK,Industrials,Industrial Manufacturing,383.64,Mazagon Dock Shipbuilders Limited
316,METROPOLIS,Healthcare,Healthcare Services,71.98,Metropolis Healthcare Limited
317,MOTILALOFS,Financial Services,Capital Markets,121.02,Motilal Oswal Financial Services Limited
318,MSUMI,Consumer Discretionary,Auto Components,265.93,Motherson Sumi Wiring India Limited
319,MPHASIS,Information Technology,IT - Software,430.08,MphasiS Limited
320,MCX,Financial Services,Capital Markets,84.61,Multi Commodity Exchange of India Limited
321,MUTHOOTFIN,Financial Services,Finance,534.69,Muthoot Finance Limited
322,NATCOPHARM,Healthcare,Pharmaceuticals & Biotechnology,148.47,Natco Pharma Limited
323,NBCC,Industrials,Construction,77.13,NBCC (India) Limited
324,NHPC,Utilities,Power,494.22,NHPC Limited
325,NCC,Industrials,Construction,86.93,NCC Limited
326,NLCINDIA,Utilities,Power,164.46,NLC India Limited
327,NMDC,Commodities,Minerals & Mining,328.81,NMDC Limited
328,NSLNISP,Commodities,Ferrous Metals,133.64,NMDC Steel Limited
329,NOCIL,Commodities,Chemicals & Petrochemicals,35.11,NOCIL Limited
330,NTPC,Utilities,Power,1958.24,NTPC Limited
331,NH,Healthcare,Healthcare Services,214.46,Narayana Hrudayalaya Ltd.
332,NATIONALUM,Commodities,Non - Ferrous Metals,174.02,National Aluminium Company Limited
333,NAZARA,Consumer Discretionary,Entertainment,43.81,Nazara Technologies Limited
334,NESTLEIND,Fast Moving Consumer Goods,Food Products,2152.51,Nestle India Limited
335,NAVINFLUOR,Commodities,Chemicals & Petrochemicals,211.38,Navin Fluorine International Limited
336,NETWORK18,Consumer Discretionary,Entertainment,60.15,Network18 Media & Investments Limited
337,NAM-INDIA,Financial Services,Capital Markets,197.56,Nippon Life India Asset Management Limited
338,OBEROIRLTY,Consumer Discretionary,Realty,405.05,Oberoi Realty Limited
339,ONGC,Energy,Oil,2151.23,Oil & Natural Gas Corporation Limited
340,NUVOCO,Commodities,Cement & Cement Products,126.97,Nuvoco Vistas Corporation Limited
341,OIL,Energy,Oil,296.48,Oil India Limited
342,OLECTRA,Consumer Discretionary,Automobiles,99.61,Olectra Greentech Limited
343,PAYTM,Financial Services,Financial Technology (Fintech),494.41,One 97 Communications Limited
344,OFSS,Information Technology,IT - Software,327.79,Oracle Financial Services Software Limited
345,ORIENTELEC,Consumer Discretionary,Consumer Durables,49.42,Orient Electric Limited
346,POLICYBZR,Financial Services,Financial Technology (Fintech),318.19,PB Fintech Limited
347,PCBL,Commodities,Chemicals & Petrochemicals,59.62,PCBL LIMITED
348,PNBHOUSING,Financial Services,Finance,165.45,PNB Housing Finance Limited
349,PIIND,Commodities,Fertilizers & Agrochemicals,539.74,PI Industries Limited
350,PVRINOX,Consumer Discretionary,Entertainment,151.77,PVR INOX Limited
351,PNCINFRA,Industrials,Construction,88.47,PNC Infratech Limited
352,PAGEIND,Consumer Discretionary,Textiles & Apparels,415.44,Page Industries Limited
353,PATANJALI,Fast Moving Consumer Goods,Agricultural Food & other Products,476.8,Patanjali Foods Limited
354,PERSISTENT,Information Technology,IT - Software,363.11,Persistent Systems Limited
355,PFIZER,Healthcare,Pharmaceuticals & Biotechnology,178.19,Pfizer Limited
356,PHOENIXLTD,Consumer Discretionary,Realty,303.52,The Phoenix Mills Limited
357,PETRONET,Energy,Gas,337.5,Petronet LNG Limited
358,PIDILITIND,Commodities,Chemicals & Petrochemicals,1323.38,Pidilite Industries Limited
359,PPLPHARMA,Healthcare,Pharmaceuticals & Biotechnology,129.53,Piramal Pharma Limited
360,PEL,Financial Services,Finance,261.52,Piramal Enterprises Limited
361,POLYMED,Healthcare,Healthcare Equipment & Supplies,117.26,Poly Medicure Limited
362,POLYCAB,Industrials,Industrial Products,704.74,Polycab India Limited
363,POLYPLEX,Industrials,Industrial Products,38.81,Polyplex Corporation Limited
364,POONAWALLA,Financial Services,Finance,287.71,Poonawalla Fincorp Limited
365,PFC,Financial Services,Finance,668.86,Power Finance Corporation Limited
366,POWERGRID,Utilities,Power,1748.75,Power Grid Corporation of India Limited
367,PRESTIGE,Consumer Discretionary,Realty,218.81,Prestige Estates Projects Limited
368,PRINCEPIPE,Industrials,Industrial Products,71.13,Prince Pipes And Fittings Limited
369,PRAJIND,Industrials,Industrial Manufacturing,76.41,Praj Industries Limited
370,PRSMJOHNSN,Commodities,Cement & Cement Products,62.32,Prism Johnson Limited
371,PGHH,Fast Moving Consumer Goods,Personal Products,512.25,Procter & Gamble Hygiene and Health Care Limited
372,PNB,Financial Services,Banks,687.09,Punjab National Bank
373,QUESS,Services,Commercial Services & Supplies,63.75,Quess Corp Limited
374,RBLBANK,Financial Services,Banks,139.49,RBL Bank Limited
375,RECLTD,Financial Services,Finance,495.57,REC Limited
376,RITES,Industrials,Construction,114.94,RITES Limited
377,RHIM,Industrials,Industrial Products,131.45,RHI MAGNESITA INDIA LIMITED
378,RVNL,Industrials,Construction,262.71,Rail Vikas Nigam Limited
379,RADICO,Fast Moving Consumer Goods,Beverages,184.66,Radico Khaitan Limited
380,RAIN,Commodities,Chemicals & Petrochemicals,55.68,Rain Industries Limited
381,RAINBOW,Healthcare,Healthcare Services,109.46,Rainbow Childrens Medicare Limited
382,RAJESHEXPO,Consumer Discretionary,Consumer Durables,149.58,Rajesh Exports Limited
383,RALLIS,Commodities,Fertilizers & Agrochemicals,41.53,Rallis India Limited
384,RCF,Commodities,Fertilizers & Agrochemicals,63.61,Rashtriya Chemicals and Fertilizers Limited
385,RATNAMANI,Industrials,Industrial Products,181.62,Ratnamani Metals & Tubes Limited
386,RTNINDIA,Services,Commercial Services & Supplies,57.09,RattanIndia Enterprises Limited
387,RAYMOND,Consumer Discretionary,Textiles & Apparels,127.67,Raymond Limited
388,RELAXO,Consumer Discretionary,Consumer Durables,237.28,Relaxo Footwears Limited
389,RELIANCE,Energy,Petroleum Products,16932.31,Reliance Industries Limited
390,REDINGTON,Services,Commercial Services & Supplies,142.19,Redington Limited
391,RBA,Consumer Discretionary,Leisure Services,54.53,Restaurant Brands Asia Limited
392,ROSSARI,Commodities,Chemicals & Petrochemicals,48.62,Rossari Biotech Limited
393,SBICARD,Financial Services,Finance,811.79,SBI Cards and Payment Services Limited
394,ROUTE,Telecommunication,Telecom - Services,96.02,ROUTE MOBILE LIMITED
395,SBILIFE,Financial Services,Insurance,1297.75,SBI Life Insurance Company Limited
396,SJVN,Utilities,Power,220.07,SJVN Limited
397,MOTHERSON,Consumer Discretionary,Auto Components,680.01,Samvardhana Motherson International Limited
398,SRF,Commodities,Chemicals & Petrochemicals,640.91,SRF Limited
399,SKFINDIA,Industrials,Industrial Products,249.68,SKF India Limited
400,SANOFI,Healthcare,Pharmaceuticals & Biotechnology,159.2,Sanofi India Limited
401,SAPPHIRE,Consumer Discretionary,Leisure Services,86.78,Sapphire Foods India Limited
402,SCHAEFFLER,Consumer Discretionary,Auto Components,482.15,Schaeffler India Limited
403,SHARDACROP,Commodities,Fertilizers & Agrochemicals,40.12,Sharda Cropchem Limited
404,SHOPERSTOP,Consumer Discretionary,Retailing,86.87,Shoppers Stop Limited
405,SHREECEM,Commodities,Cement & Cement Products,861.23,SHREE CEMENT LIMITED
406,RENUKA,Fast Moving Consumer Goods,Agricultural Food & other Products,98.66,Shree Renuka Sugars Limited
407,SHRIRAMFIN,Financial Services,Finance,679.42,Shriram Finance Limited
408,SHYAMMETL,Commodities,Ferrous Metals,102.8,Shyam Metalics and Energy Limited
409,SOBHA,Consumer Discretionary,Realty,58.97,Sobha Limited
410,SIEMENS,Industrials,Electrical Equipment,1336.16,Siemens Limited
411,SOLARINDS,Commodities,Chemicals & Petrochemicals,347.53,Solar Industries India Limited
412,SONACOMS,Consumer Discretionary,Auto Components,346.3,Sona BLW Precision Forgings Limited
413,STARHEALTH,Financial Services,Insurance,367.56,Star Health and Allied Insurance Company Limited
414,SBIN,Financial Services,Banks,5502.47,State Bank of India
415,SONATSOFTW,Information Technology,IT - Software,147.3,Sonata Software Limited
416,SAIL,Commodities,Ferrous Metals,382.07,Steel Authority of India Limited
417,SWSOLAR,Industrials,Construction,69.3,Sterling and Wilson Renewable Energy Limited
418,STLTECH,Telecommunication,Telecom - Services,60.06,Sterlite Technologies Limited
419,SUMICHEM,Commodities,Fertilizers & Agrochemicals,203.95,Sumitomo Chemical India Limited
420,SPARC,Healthcare,Pharmaceuticals & Biotechnology,75.93,Sun Pharma Advanced Research Company Limited
421,SUNTV,Consumer Discretionary,Entertainment,208.85,Sun TV Network Limited
422,SUNDARMFIN,Financial Services,Finance,291.13,Sundaram Finance Limited
423,SUNDRMFAST,Consumer Discretionary,Auto Components,255.97,Sundram Fasteners Limited
424,SUNPHARMA,Healthcare,Pharmaceuticals & Biotechnology,2723.13,Sun Pharmaceutical Industries Limited
425,SUPRAJIT,Consumer Discretionary,Auto Components,57.63,Suprajit Engineering Limited
426,SUVENPHAR,Healthcare,Pharmaceuticals & Biotechnology,125.22,Suven Pharmaceuticals Limited
427,SUNTECK,Consumer Discretionary,Realty,52.28,Sunteck Realty Limited
428,SUPREMEIND,Industrials,Industrial Products,463.2,Supreme Industries Limited
429,SYNGENE,Healthcare,Healthcare Services,324.45,Syngene International Limited
430,SWANENERGY,Consumer Discretionary,Realty,58.3,Swan Energy Limited
431,SUZLON,Industrials,Electrical Equipment,221.44,Suzlon Energy Limited
432,TCNSBRANDS,Consumer Discretionary,Textiles & Apparels,27.28,TCNS Clothing Co. Limited
433,TV18BRDCST,Consumer Discretionary,Entertainment,67.72,TV18 Broadcast Limited
434,TTKPRESTIG,Consumer Discretionary,Consumer Durables,106.86,TTK Prestige Limited
435,TVSMOTOR,Consumer Discretionary,Automobiles,644.12,TVS Motor Company Limited
436,TMB,Financial Services,Banks,69.51,Tamilnad Mercantile Bank Limited
437,TANLA,Information Technology,IT - Software,163.24,Tanla Platforms Limited
438,TATACHEM,Commodities,Chemicals & Petrochemicals,253.14,Tata Chemicals Limited
439,TATACOMM,Telecommunication,Telecom - Services,492.34,Tata Communications Limited
440,TCS,Information Technology,IT - Software,12429.43,Tata Consultancy Services Limited
441,TATAELXSI,Information Technology,IT - Software,450.32,Tata Elxsi Limited
442,TATACONSUM,Fast Moving Consumer Goods,Agricultural Food & other Products,789.71,TATA CONSUMER PRODUCTS LIMITED
443,TATAINVEST,Financial Services,Finance,123.38,Tata Investment Corporation Limited
444,TATAMOTORS,Consumer Discretionary,Automobiles,2138.28,Tata Motors Limited
445,TATAPOWER,Utilities,Power,705.85,Tata Power Company Limited
446,TATAMTRDVR,Consumer Discretionary,Automobiles,213.22,Tata Motors Limited
447,TCIEXP,Services,Transport Services,60.21,TCI Express Limited
448,TATASTEEL,Commodities,Ferrous Metals,1464.14,TATA Steel Limited
449,TEAMLEASE,Services,Commercial Services & Supplies,39.23,Teamlease Services Limited
450,TTML,Telecommunication,Telecom - Services,156.3,Tata Teleservices (Maharashtra) Limited
451,TECHM,Information Technology,IT - Software,1072.12,Tech Mahindra Limited
452,TEJASNET,Telecommunication,Telecom - Equipment & Accessories,139.69,Tejas Networks Limited
453,NIACL,Financial Services,Insurance,200.56,The New India Assurance Company Limited
454,RAMCOCEM,Commodities,Cement & Cement Products,207.88,The Ramco Cements Limited
455,THERMAX,Industrials,Electrical Equipment,292.36,Thermax Limited
456,TIMKEN,Industrials,Industrial Products,249.17,Timken India Limited
457,TORNTPHARM,Healthcare,Pharmaceuticals & Biotechnology,674.18,Torrent Pharmaceuticals Limited
458,TORNTPOWER,Utilities,Power,303.77,Torrent Power Limited
459,TITAN,Consumer Discretionary,Consumer Durables,2665.22,Titan Company Limited
460,TCI,Services,Transport Services,58.42,Transport Corporation of India Limited
461,TRIVENI,Fast Moving Consumer Goods,Agricultural Food & other Products,66.35,Triveni Engineering & Industries Limited
462,TRIDENT,Consumer Discretionary,Textiles & Apparels,168.68,Trident Limited
463,TRITURBINE,Industrials,Electrical Equipment,127.26,Triveni Turbine Limited
464,TRENT,Consumer Discretionary,Retailing,607.55,Trent Limited
465,UCOBANK,Financial Services,Banks,349.71,UCO Bank
466,TIINDIA,Consumer Discretionary,Auto Components,603.51,Tube Investments of India Limited
467,UFLEX,Industrials,Industrial Products,30.45,UFLEX Limited
468,UNOMINDA,Consumer Discretionary,Auto Components,327.88,UNO Minda Limited
469,UPL,Commodities,Fertilizers & Agrochemicals,470.44,UPL Limited
470,UTIAMC,Financial Services,Capital Markets,102.41,UTI Asset Management Company Limited
471,ULTRACEMCO,Commodities,Cement & Cement Products,2392.7,UltraTech Cement Limited
472,UNIONBANK,Financial Services,Banks,629.48,Union Bank of India
473,UBL,Fast Moving Consumer Goods,Beverages,410.17,United Breweries Limited
474,MCDOWELL-N,Fast Moving Consumer Goods,Beverages,725.13,United Spirits Limited
475,VGUARD,Consumer Discretionary,Consumer Durables,121.43,V-Guard Industries Limited
476,VMART,Consumer Discretionary,Retailing,44.17,V-Mart Retail Limited
477,VAIBHAVGBL,Consumer Discretionary,Consumer Durables,56.41,Vaibhav Global Limited
478,VIPIND,Consumer Discretionary,Consumer Durables,84.84,VIP Industries Limited
479,VTL,Consumer Discretionary,Textiles & Apparels,103.62,Vardhman Textiles Limited
480,VARROC,Consumer Discretionary,Auto Components,52.51,Varroc Engineering Limited
481,VBL,Fast Moving Consumer Goods,Beverages,1040.02,Varun Beverages Limited
482,MANYAVAR,Consumer Discretionary,Retailing,299.96,Vedant Fashions Limited
483,VEDL,Commodities,Diversified Metals,1030.22,Vedanta Limited
484,VIJAYA,Healthcare,Healthcare Services,46.13,Vijaya Diagnostic Centre Limited
485,VINATIORGA,Commodities,Chemicals & Petrochemicals,185.97,Vinati Organics Limited
486,IDEA,Telecommunication,Telecom - Services,413.78,Vodafone Idea Limited
487,VOLTAS,Consumer Discretionary,Consumer Durables,250.99,Voltas Limited
488,WELCORP,Industrials,Industrial Products,83.48,Welspun Corp Limited
489,WELSPUNIND,Consumer Discretionary,Textiles & Apparels,98.06,Welspun India Limited
490,WESTLIFE,Consumer Discretionary,Leisure Services,139.8,WESTLIFE FOODWORLD LIMITED
491,WHIRLPOOL,Consumer Discretionary,Consumer Durables,179.72,Whirlpool of India Limited
492,WIPRO,Information Technology,IT - Software,2087.68,Wipro Limited
493,YESBANK,Financial Services,Banks,487.41,Yes Bank Limited
494,ZFCVINDIA,Consumer Discretionary,Auto Components,227.43,ZF Commercial Vehicle Control Systems India Limited
495,ZEEL,Consumer Discretionary,Entertainment,227.26,Zee Entertainment Enterprises Limited
496,ZENSARTECH,Information Technology,IT - Software,109.91,Zensar Technologies Limited
497,ZYDUSLIFE,Healthcare,Pharmaceuticals & Biotechnology,657.43,Zydus Lifesciences Limited
498,ZYDUSWELL,Fast Moving Consumer Goods,Food Products,94.8,Zydus Wellness Limited
499,ZOMATO,Consumer Discretionary,Retailing,728.8,Zomato Limited
500,ECLERX,Services,Commercial Services & Supplies,80.89,eClerx Services Limited
